:020000040800F2
:100000000000012035B70008B10E0008B50E000849
:10001000C90E0008CB0E0008CD0E0008000000003D
:10002000000000000000000000000000CF0E0008EB
:10003000D10E000800000000D30E0008D50E000805
:1000400085B7000885B7000885B7000885B70008A0
:1000500085B7000885B7000885B7000885B7000890
:1000600085B7000885B7000885B7000885B7000880
:1000700085B7000885B7000885B7000885B7000870
:1000800085B7000885B70008DD0E000800000000F5
:1000900000000000000000000000000085B700081C
:1000A00085B7000885B7000885B7000885B7000840
:1000B00085B7000885B7000885B7000885B7000830
:1000C00085B7000885B7000885B7000885B7000820
:1000D00085B7000885B7000885B700080000000054
:1000E00085B7000885B7000885B700080000000044
:1000F00000000000000000000000000085B70008BC
:1001000000000000ED0E0008FD0E000885B7000895
:1001100000000000000000000000000000000000DF
:100120000D0F000885B7000885B7000885B70008DF
:1001300085B700080000000000000000000000007B
:100140000000000000000000000000001D0F00087B
:1001500085B7000885B7000885B7000885B700088F
:1001600085B7000885B70008000000000000000007
:10017000000000000000000000000000000000007F
:100180000000000085B7000800000000000000002B
:0401900085B7000827
:1001A00001F0FF01102A2BDB10F0070F08D010F828
:1001B000013B013A8B422DD010F0070F42B3F6D12C
:1001C000F0B441EA012141EA014122F007047FF045
:1001D00000070023F0E80256083C85EA010586EA9C
:1001E000010685FA47F5A3FA87F586FA47F6A5FAD8
:1001F00087F68EB9EED1F0BC01F0FF0102F00702E4
:1002000032B110F8013B013A83EA010313B1F8D18E
:100210000020704701387047002D06BF354603386F
:10022000073815F0010F07D1013015F4807F02BFA8
:10023000013015F4C03F0130F0BC0138704700BFF9
:10024000034613F8012B002AFBD1181A0138704716
:1002500081F0004102E000BF83F0004330B54FEA77
:1002600041044FEA430594EA050F08BF90EA020FE4
:100270001FBF54EA000C55EA020C7FEA645C7FEA77
:10028000655C00F0E2804FEA5454D4EB5555B8BF9A
:100290006D420CDD2C4480EA020281EA030382EA0B
:1002A000000083EA010180EA020281EA0303362D9D
:1002B00088BF30BD11F0004F4FEA01314FF4801C70
:1002C0004CEA113102D0404261EB410113F0004F82
:1002D0004FEA03334CEA133302D0524263EB430339
:1002E00094EA050F00F0A780A4F10104D5F1200ED7
:1002F0000DDB02FA0EFC22FA05F2801841F1000132
:1003000003FA0EF2801843FA05F359410EE0A5F105
:1003100020050EF1200E012A03FA0EFC28BF4CF036
:10032000020C43FA05F3C01851EBE37101F00045EC
:1003300007D54FF0000EDCF1000C7EEB00006EEBF9
:100340000101B1F5801F1BD3B1F5001F0CD3490883
:100350005FEA30004FEA3C0C04F101044FEA4452DA
:1003600012F5800F80F09A80BCF1004F08BF5FEA61
:10037000500C50F1000041EB045141EA050130BD41
:100380005FEA4C0C404141EB0101013C28BFB1F553
:10039000801FE9D291F0000F04BF01460020B1FA9E
:1003A00081F308BF2033A3F10B03B3F120020CDA71
:1003B0000C3208DD02F1140CC2F10C0201FA0CF04F
:1003C00021FA02F10CE002F11402D8BFC2F1200CB4
:1003D00001FA02F120FA0CFCDCBF41EA0C0190406A
:1003E000E41AA2BF01EB0451294330BD6FEA0404B3
:1003F0001F3C1CDA0C340EDC04F11404C4F120029E
:1004000020FA04F001FA02F340EA030021FA04F3AF
:1004100045EA030130BDC4F10C04C4F1200220FA06
:1004200002F001FA04F340EA0300294630BD21FA44
:1004300004F0294630BD94F0000F83F4801306BF0A
:1004400081F480110134013D4EE77FEA645C18BFFE
:100450007FEA655C29D094EA050F08BF90EA020F95
:1004600005D054EA000C04BF1946104630BD91EA8D
:10047000030F1EBF0021002030BD5FEA545C05D190
:100480004000494128BF41F0004130BD14F58004CF
:100490003CBF01F5801130BD01F0004545F0FE4143
:1004A00041F470014FF0000030BD7FEA645C1ABF78
:1004B000194610467FEA655C1CBF0B46024650EAAF
:1004C000013406BF52EA033591EA030F41F40021DB
:1004D00030BD00BF90F0000F04BF0021704730B561
:1004E0004FF4806404F132044FF000054FF0000136
:1004F00050E700BF90F0000F04BF0021704730B5F7
:100500004FF4806404F1320410F0004548BF4042CB
:100510004FF000013EE700BF42004FEAE2014FEA20
:1005200031014FEA02701FBF12F07F4393F07F4FFB
:1005300081F06051704732F07F4208BF704793F0FE
:100540007F4F04BF41F40021704730B54FF4607411
:1005500001F0004521F000411CE700BF50EA010214
:1005600008BF704730B54FF000050AE050EA0102BD
:1005700008BF704730B511F0004502D5404261EB2D
:1005800041014FF4806404F132045FEA915C3FF46E
:10059000D8AE4FF003025FEADC0C18BF03325FEA0B
:1005A000DC0C18BF033202EBDC02C2F1200300FABC
:1005B00003FC20FA02F001FA03FE40EA0E0021FAE1
:1005C00002F11444BDE600BF70B54FF0FF0C4CF4CF
:1005D000E06C1CEA11541DBF1CEA135594EA0C0F81
:1005E00095EA0C0F00F0DEF82C4481EA030621EABC
:1005F0004C5123EA4C5350EA013518BF52EA0335F7
:1006000041F4801143F4801338D0A0FB02CE4FF0A8
:100610000005E1FB02E506F00042E0FB03E54FF0D8
:100620000006E1FB03569CF0000F18BF4EF0010ED0
:10063000A4F1FF04B6F5007F64F5407404D25FEACC
:100640004E0E6D4146EB060642EAC62141EA55517F
:100650004FEAC52040EA5E504FEACE2EB4F1FD0CC1
:1006600088BFBCF5E06F1ED8BEF1004F08BF5FEA3F
:10067000500E50F1000041EB045170BD06F00046F1
:1006800046EA010140EA020081EA0301B4EB5C049E
:10069000C2BFD4EB0C0541EA045170BD41F4801196
:1006A0004FF0000E013C00F3AB8014F1360FDEBFBB
:1006B000002001F0004170BDC4F10004203C35DA97
:1006C0000C341BDC04F11404C4F1200500FA05F31A
:1006D00020FA04F001FA05F240EA020001F00042BB
:1006E00021F0004110EBD37021FA04F642EB060131
:1006F0005EEA430E08BF20EAD37070BDC4F10C045B
:10070000C4F1200500FA04F320FA05F001FA04F21E
:1007100040EA020001F0004110EBD37041F100010A
:100720005EEA430E08BF20EAD37070BDC4F1200515
:1007300000FA05F24EEA020E20FA04F301FA05F27D
:1007400043EA020321FA04F001F0004121FA04F225
:1007500020EA020000EBD3705EEA430E08BF20EAF5
:10076000D37070BD94F0000F0FD101F0004640002F
:1007700041EB010111F4801F08BF013CF7D041EAB1
:10078000060195F0000F18BF704703F000465200B5
:1007900043EB030313F4801F08BF013DF7D043EA86
:1007A0000603704794EA0C0F0CEA135518BF95EA3C
:1007B0000C0F0CD050EA410618BF52EA4306D1D1C3
:1007C00081EA030101F000414FF0000070BD50EAE2
:1007D000410606BF1046194652EA430619D094EA6C
:1007E0000C0F02D150EA013613D195EA0C0F05D156
:1007F00052EA03361CBF104619460AD181EA0301AA
:1008000001F0004141F0FE4141F470014FF0000061
:1008100070BD41F0FE4141F4780170BD70B54FF0FC
:10082000FF0C4CF4E06C1CEA11541DBF1CEA13557C
:1008300094EA0C0F95EA0C0F00F0A7F8A4EB05045E
:1008400081EA030E52EA03354FEA013100F0888055
:100850004FEA03334FF0805545EA131343EA12631E
:100860004FEA022245EA111545EA10654FEA0026D3
:100870000EF000419D4208BF964244F1FD0404F58C
:10088000407402D25B084FEA3202B61A65EB0305E8
:100890005B084FEA32024FF480104FF4002CB6EBA5
:1008A000020E75EB030E22BFB61A754640EA0C0025
:1008B0005B084FEA3202B6EB020E75EB030E22BF65
:1008C000B61A754640EA5C005B084FEA3202B6EBA6
:1008D000020E75EB030E22BFB61A754640EA9C0065
:1008E0005B084FEA3202B6EB020E75EB030E22BF35
:1008F000B61A754640EADC0055EA060E18D04FEAF3
:10090000051545EA16754FEA06164FEAC30343EA92
:1009100052734FEAC2025FEA1C1CC0D111F4801F5F
:100920000BD141EA00014FF000004FF0004CB6E758
:1009300011F4801F04BF01430020B4F1FD0C88BFF7
:10094000BCF5E06F3FF6AFAEB5EB030C04BFB6EB02
:10095000020C5FEA500C50F1000041EB045170BDF5
:100960000EF0004E4EEA113114EB5C04C2BFD4EB22
:100970000C0541EA045170BD41F480114FF0000EA6
:10098000013C90E645EA060E8DE60CEA135594EA22
:100990000C0F08BF95EA0C0F3FF43BAF94EA0C0F25
:1009A0000AD150EA01347FF434AF95EA0C0F7FF49A
:1009B00025AF104619462CE795EA0C0F06D152EAEE
:1009C00003353FF4FDAE1046194622E750EA4106D2
:1009D00018BF52EA43067FF4C5AE50EA41047FF4E3
:1009E0000DAF52EA43057FF4EBAE12E74FF0FF3C48
:1009F00006E000BF4FF0010C02E000BF4FF0010C19
:100A00004DF804CD4FEA410C7FEA6C5C4FEA430C91
:100A100018BF7FEA6C5C1BD001B050EA410C0CBFE0
:100A200052EA430C91EA030F02BF90EA020F002042
:100A3000704710F1000F91EA030F58BF994208BFA9
:100A400090422CBFD8176FEAE37040F00100704766
:100A50004FEA410C7FEA6C5C02D150EA013C07D1BD
:100A60004FEA430C7FEA6C5CD6D152EA033CD3D008
:100A70005DF8040B704700BF8446104662468C4602
:100A80001946634600E000BF01B5FFF7B7FF002835
:100A900048BF10F1000F01BD4DF808EDFFF7F4FF5E
:100AA0000CBF012000205DF808FB00BF4DF808EDE9
:100AB000FFF7EAFF34BF012000205DF808FB00BF0C
:100AC0004DF808EDFFF7E0FF94BF012000205DF82E
:100AD00008FB00BF4DF808EDFFF7CEFF94BF0120E3
:100AE00000205DF808FB00BF4DF808EDFFF7C4FFDC
:100AF00034BF012000205DF808FB00BF4FEA410C25
:100B00007FEA6C5C02D150EA013C0AD14FEA430C07
:100B10007FEA6C5C02D152EA033C02D14FF0000044
:100B200070474FF0010070474FEA410212F5001282
:100B300015D211D56FF47873B3EB625212D94FEA24
:100B4000C12343F0004343EA505311F0004F23FA0E
:100B500002F018BF404270474FF00000704750EA63
:100B6000013005D111F0004008BF6FF00040704720
:100B70004FF00000704700BF53B94AB9002908BFC1
:100B800000281CBF4FF0FF314FF0FF3000F00CB8D1
:100B9000ADF1080C6DE904CE0DF00AFDDDF804E0BE
:100BA000DDE9022304B07047704700BF0348044BDF
:100BB000834202D0034B03B1184770470402002060
:100BC00004020020000000000548064B1B1AD90F44
:100BD00001EBA301491002D0034B03B11847704742
:100BE00004020020040200200000000010B5064CA2
:100BF000237843B9FFF7DAFF044B13B10448AFF38E
:100C000000800123237010BD0402002000000000BA
:100C10006CE8000808B5054B1BB105490548AFF362
:100C20000080BDE80840FFF7CFBF00BF0000000014
:100C3000080200206CE8000810B514461E2392B28A
:100C4000024801F00AFD204610BD00BF240200202A
:100C500008B572B6084B196808480BF083F84FF4D2
:100C60000051074800F04CFE034B1B68642098407D
:100C700001F036F9F3E700BF2002002088E8000801
:100C80000008024000B595B03022002108A80CF001
:100C9000DFFC0023039304930593069307930193CA
:100CA000224A116C41F080511164126C02F08052A2
:100CB0000192019A02931E4A136823F4404343F4BD
:100CC00000431360136803F440430293029B05231F
:100CD00008934FF48033099301230A9302230E9360
:100CE0004FF480030F93192310934FF4A8731193BB
:100CF000042312930723139308A800F03BF980B94B
:100D00000F23039302210491002305934FF4805293
:100D10000692079303A800F07DFB20B915B05DF89B
:100D200004FBFFF795FFFFF793FF00BF0038024079
:100D30000070004008B501F0A7F8FFF7A3FF00F02E
:100D400011F809F097FE05F07FFD05F053FE05F060
:100D5000CBFE06F005FC06F081FC00F057F809F028
:100D6000A3FEFEE730B58BB00024059406940794EB
:100D7000089409940094234B1A6B42F004021A63FE
:100D80001A6B02F004020092009A01941A6B42F06E
:100D900080021A631A6B02F080020192019A029497
:100DA0001A6B42F001021A631A6B02F001020292FE
:100DB000029A03941A6B42F008021A631A6B02F04B
:100DC00008020392039A04941A6B42F002021A6317
:100DD0001B6B03F002030493049B0B4D22464FF45C
:100DE0000051284600F086FD4FF40053059301237F
:100DF00006930794089405A9284600F097FC0BB0C9
:100E000030BD00BF003802400008024008B50A4863
:100E10000A4B03604FF4E133436000238360C360F7
:100E200003610C2242618361C36101F0E6FB00B9FA
:100E300008BDFFF70DFFFBE7240200200010014072
:100E400000B589B000230393049305930693079399
:100E5000026803F1804303F588339A4202D009B057
:100E60005DF804FB0021019103F594335A6C42F0C4
:100E700010025A645A6C02F010020192019A029117
:100E80001A6B42F002021A631B6B03F00203029317
:100E9000029BC02303930223049303230693072397
:100EA000079303A9014800F041FCD8E70004024081
:100EB000FEE7000008B5034B01221A60FFF7C8FEE9
:100EC000FEE700BF20020020FEE7FEE7FEE77047D6
:100ED0007047704708B500F0F1FF08BD08B502483B
:100EE00005F0DAFF08BD00BF2C26002008B5024837
:100EF00009F0D0FC08BD00BFDC26002008B5024880
:100F000001F084F808BD00BF9426002008B502480F
:100F100000F02AFE08BD00BFCC25002008B5002047
:100F200002F072FB08BD000082B0002100910B4B63
:100F30005A6C42F480425A645A6C02F48042009225
:100F4000009A01911A6C42F080521A641B6C03F0F3
:100F500080530193019B02B0704700BF00380240EC
:100F6000034AD2F8883043F47003C2F888307047DF
:100F700000ED00E0002800F0E08170B582B004468A
:100F8000036813F0010F3BD09F4B9B6803F00C03E9
:100F9000042B2CD09C4B9B6803F00C03082B21D016
:100FA0006368B3F5803F4FD0B3F5A02F52D0964B76
:100FB0001A6822F480321A601A6822F480221A60B9
:100FC0006368002B50D000F085FF05468E4B1B68F0
:100FD00013F4003F14D100F07DFF401B6428F5D9C5
:100FE0000320B1E1884B5B6813F4800FD8D0864BA7
:100FF0001B6813F4003F03D06368002B00F09F814F
:10100000236813F0020F54D07F4B9B6813F00C0F32
:101010003ED07D4B9B6803F00C03082B33D0E36874
:10102000002B68D0794B01221A6000F053FF05466F
:10103000754B1B6813F0020F54D100F04BFF401B9F
:101040000228F5D903207FE16F4A136843F4803307
:101050001360B5E76C4B1A6842F480221A601A6874
:1010600042F480321A60ABE700F034FF0546664B6D
:101070001B6813F4003FC3D000F02CFF401B642812
:10108000F5D9032060E1604B5B6813F4800FC6D193
:101090005D4B1B6813F0020F03D0E368012B40F097
:1010A0005081594A136823F0F803216943EAC103C8
:1010B0001360236813F0080F42D063696BB3534B7E
:1010C0000122C3F8802E00F005FF05464E4B5B6FF2
:1010D00013F0020F34D100F0FDFE401B0228F5D9B9
:1010E000032031E1484A136823F0F803216943EAF9
:1010F000C1031360DDE7454B00221A6000F0EAFEF1
:101100000546414B1B6813F0020FD2D000F0E2FEFF
:10111000401B0228F5D9032016E13C4B0022C3F8FE
:10112000802E00F0D7FE0546374B5B6F13F0020FA1
:1011300006D000F0CFFE401B0228F5D9032003E1C2
:10114000236813F0040F77D02F4B1B6C13F0805FD4
:1011500033D1002301932C4B1A6C42F080521A6455
:101160001B6C03F080530193019B0125284B1B68E6
:1011700013F4807F23D0A368012B34D0052B38D003
:10118000214B1A6F22F001021A671A6F22F0040233
:101190001A67A368002B3DD000F09CFE06461A4B50
:1011A0001B6F13F0020F46D100F094FE801B41F23A
:1011B00088339842F3D90320C6E00025D6E7144AC5
:1011C000136843F48073136000F084FE0646104BEE
:1011D0001B6813F4807FCED100F07CFE801B0228B8
:1011E000F5D90320B0E0084A136F43F001031367F9
:1011F000CFE7054B1A6F42F004021A671A6F42F0EC
:1012000001021A67C5E700BF0038024000004742EC
:101210000070004000F05EFE0646524B1B6F13F05C
:10122000020F08D000F056FE801B41F2883398422E
:10123000F3D9032088E0EDB9A369002B00F0838087
:10124000484A926802F00C02082A51D0022B17D0AB
:10125000454B00221A6600F03DFE0446414B1B68D8
:1012600013F0007F42D000F035FE001B0228F5D9B4
:10127000032069E03B4A136C23F080531364DBE7DF
:10128000394B00221A6600F025FE0546354B1B68D7
:1012900013F0007F06D000F01DFE401B0228F5D998
:1012A000032051E0E369226A1343626A43EA82132E
:1012B000A26A5208013A43EA0243E26A43EA02633D
:1012C000284A5360284B01221A6600F003FE0446A8
:1012D000244B1B6813F0007F06D100F0FBFD001BC0
:1012E0000228F5D903202FE000202DE000202BE07C
:1012F000012B2BD01B4B5B6803F48001E269914208
:1013000026D103F03F02216A8A4223D1616A47F65F
:10131000C0721A40B2EB811F1ED103F44031A26AA1
:101320005208013AB1EB024F18D103F07063E26A40
:10133000B3EB026F14D1002006E0012070470120BA
:1013400002E0012000E0002002B070BD0120FBE7B8
:101350000120F9E70120F7E70120F5E70120F3E795
:101360000120F1E7003802400000474208B5264B53
:101370009B6803F00C03042B41D0082B41D1224B76
:101380005A6802F03F025B6813F4800F12D01E4BC4
:101390005968C1F388111D480023A1FB0001FFF724
:1013A000EBFB194B5B68C3F3014301335B00B0FBFC
:1013B000F3F008BD144B5868C0F388104FEA401C86
:1013C000BCEB000C6EEB0E0E4FEA8E1343EA9C63EF
:1013D0004FEA8C11B1EB0C0163EB0E03DB0043EA27
:1013E0005173C90011EB000C43F100039902002373
:1013F0004FEA8C2041EA9C51FFF7BEFBD1E703483E
:10140000D7E70348D5E700BF0038024040787D01A8
:101410000024F400002800F09B8070B50D460446BF
:101420004F4B1B6803F007038B4208D2CBB24C4AE8
:101430001370136803F007038B4240F08B8023681E
:1014400013F0020F17D013F0040F04D0454A93682D
:1014500043F4E0539360236813F0080F04D0414A2B
:10146000936843F4604393603E4A936823F0F0032B
:10147000A1680B439360236813F0010F32D06368B7
:10148000012B21D09A1E012A25D9364A126812F062
:10149000020F61D033498A6822F0030213438B6044
:1014A00000F018FD06462F4B9B6803F00C036268A2
:1014B000B3EB820F16D000F00DFD801B41F2883394
:1014C0009842F0D9032042E0264A126812F4003F05
:1014D000E0D101203BE0234A126812F0007FD9D10D
:1014E000012034E01E4B1B6803F00703AB4207D911
:1014F000EAB21B4B1A701B6803F00703AB422DD1F5
:10150000236813F0040F06D0164A936823F4E053BF
:10151000E1680B439360236813F0080F07D0114A6A
:10152000936823F46043216943EAC1039360FFF7A2
:101530001DFF0C4B9B68C3F303130B4AD35CD840CD
:101540000A4B18600A4B186800F078FC002070BD48
:10155000012070470120FAE70120F8E70120F6E7B3
:10156000003C02400038024024F300080000002044
:1015700008000020014B1868704700BF00000020E1
:1015800008B5FFF7F7FF044B9B68C3F38223034AB8
:10159000D35CD84008BD00BF003802401CF30008EF
:1015A00008B5FFF7E7FF044B9B68C3F34233034AD8
:1015B000D35CD84008BD00BF003802401CF30008CF
:1015C00030B583B00446036813F0050F0ED12368CD
:1015D00013F0020F36D1236813F0080F00F09B8040
:1015E000227C4E4BC3F8E021002095E04C4B0022BA
:1015F0009A6600F06FFC05464A4B1B6813F0006FBB
:1016000006D000F067FC431B022BF5D9032083E0D2
:101610006268A3681B0743EA8213424AC2F8843017
:101620003F4B01229A6600F055FC05463D4B1B6876
:1016300013F0006FCBD100F04DFC401B0228F5D910
:10164000032069E000230193364B1A6C42F080526C
:101650001A641B6C03F080530193019B324A136898
:1016600043F48073136000F035FC05462E4B1B6875
:1016700013F4807F06D100F02DFC431B022BF5D91B
:10168000032049E0274B1B6F13F4407314D0E2682A
:1016900002F440729A420FD0224B1A6F22F4407229
:1016A0001F490120C1F8400E0020C1F8400E1A6702
:1016B0001B6F13F0010F12D1E36803F44072B2F50F
:1016C000407F1DD0174A936823F4F813936015499F
:1016D0000B6FE268C2F30B0213430B677BE700F06A
:1016E000F9FB05460F4B1B6F13F0020FE4D100F01E
:1016F000F1FB401B41F288339842F3D903200BE001
:1017000008498A6822F4F81223F0704323F44073E6
:1017100013438B60DBE7002003B030BD001047426D
:1017200000004742003802400070004000230F2BA9
:1017300000F2D78070B582B065E085684FEA430E4D
:10174000032404FA0EF425EA0405CC6804FA0EF426
:101750002C438460446824EA02044A68C2F30012FD
:101760009A40224342605CE0DC08083450F82420B0
:1017700003F00705AD004FF00F0E0EFA05FE22EA4A
:101780000E0E0A69AA4042EA0E0240F824205CE0EC
:10179000042200E0002202FA0EF22A430234514DE4
:1017A00045F82420504A94686FEA0C0224EA0C059C
:1017B0004E6816F4801F01D04CEA04054A4CA5601F
:1017C000E46802EA04054E6816F4001F01D04CEAF2
:1017D0000405454CE560646802EA04054E6816F4A9
:1017E000003F01D04CEA04053F4C6560246822406C
:1017F0004D6815F4803F01D04CEA04023A4C226057
:1018000001330F2B6BD801229A400C6804EA020CBA
:1018100032EA0404F4D14C6804F00304013C012CC6
:101820008BD94A6802F00302032A09D0C4685D001C
:101830000322AA4024EA02048A68AA402243C26022
:101840004A6802F00302022A8ED004684FEA430E6F
:10185000032202FA0EF224EA02044A6802F00302AA
:1018600002FA0EF2224302604A6812F4403FC7D0E7
:10187000002201921D4A546C44F480445464526C1A
:1018800002F480420192019A9C08A51C154A52F864
:10189000255003F0030E4FEA8E0E0F2202FA0EF2CD
:1018A00025EA0205124A90423FF474AF02F58062C5
:1018B00090420ED002F5806290420CD002F5806218
:1018C00090420AD002F5806290423FF461AF072255
:1018D00061E701225FE702225DE703225BE702B0D6
:1018E00070BD704700380140003C014000380240A4
:1018F000000002400AB181617047090481617047AC
:10190000436901EA030221EA030141EA02418161DC
:10191000704730B405682C6824F480242C60046877
:1019200063608368402B05D0036899600368DA60C0
:1019300030BC704703689A600368D960F8E700001C
:1019400010B40368D9B210390A4AA2FB0142120945
:10195000094CA25CC2655F2907D96FF30903043300
:101960008365806D5DF8044B70476FF309038365F1
:10197000F7E700BFABAAAAAA34F30008836A82691A
:1019800092B9012B0AD0022B02D00BB10020704774
:10199000C36A13F0807F28D100207047C36AB3F177
:1019A000C07F24D000207047B2F5005F09D0022B21
:1019B00025D9032B25D1C36A13F0807F23D10020C2
:1019C0007047032B03D8DFE803F01404140A002047
:1019D0007047C36A13F0807F0DD100207047C36A3F
:1019E000B3F1C07F09D0002070470120704701206B
:1019F0007047012070470120704701207047012087
:101A000070470020704701207047000070B5044601
:101A100000F060FA002C5BD00546022384F83530D4
:101A2000002384F834302268136823F00103136024
:101A300023681A6812F0010F0AD000F04BFA431B1A
:101A4000052BF5D920236365032084F8350070BD8C
:101A50001A68204911406268A0680243E0680243A6
:101A60002069024360690243A0690243E0690243BE
:101A7000206A02430A43616A04291ED01A6026685C
:101A8000756925F00705636A1D43042B07D1A36A16
:101A90001D43E36A1BB12046FFF770FF90B97561E3
:101AA0002046FFF74DFFE26D3F2393408360002007
:101AB0006065012384F83530C9E7E16A206B014392
:101AC0000A43DBE740236365012084F83500BEE765
:101AD0000120BCE73F8010F038B50446856D90F8D2
:101AE000340001282BD0012084F8340094F835000C
:101AF000C0B2012804D0002384F83430022038BD5D
:101B0000022084F83500002060652046FFF701FFC1
:101B1000E26D3F239340AB602268136843F01603E5
:101B20001360236C23B12268136843F00803136029
:101B30002268136843F0010313600020DFE70220EE
:101B4000DDE790F83530DBB2022B03D0802343650C
:101B500001207047052380F835300268136823F0B0
:101B60000103136000207047F0B583B004460023E2
:101B70000193724B1D68724BA3FB0535AD0A876D4F
:101B80003E68C26D08239340334210D003681A6840
:101B900012F0040F0BD01A6822F004021A60C26D12
:101BA00008239340BB60436D43F001034365E26D3E
:101BB00001239340334209D02268526912F0800F0A
:101BC00004D0BB60636D43F002036365E26D0423E0
:101BD0009340334209D02268126812F0020F04D0F9
:101BE000BB60636D43F004036365E26D10239340B3
:101BF000334224D02268126812F0080F1FD0BB6055
:101C000023681A6812F4802F0DD01B6813F4002F7C
:101C100004D1236C9BB12046984710E0A36C73B1AC
:101C2000204698470BE01A6812F4807F03D11A68A7
:101C300022F008021A60236C0BB120469847E26D2F
:101C400020239340334255D02268126812F0100FBF
:101C500050D0BB6094F83530DBB2052B0ED0236832
:101C60001A6812F4802F33D01B6813F4002F2AD186
:101C7000636C002B3ED0204698473BE022681368F7
:101C800023F0160313602268536923F08003536125
:101C9000236CA3B12268136823F008031360E26D7C
:101CA0003F239340BB60012384F83530002384F840
:101CB0003430236D002B3FD0204698473CE0A36C86
:101CC000002BE7D1EBE7E36BA3B12046984711E087
:101CD0001A6812F4807F09D11A6822F010021A6083
:101CE000012384F83530002384F83430E36B0BB1E2
:101CF00020469847636DFBB1636D13F0010F17D059
:101D0000052384F835302268136823F0010313603B
:101D1000019B01330193AB4204D823681B6813F085
:101D2000010FF5D1012384F83530002384F83430D5
:101D3000E36C0BB12046984703B0F0BD00000020D3
:101D4000B5814E1B002807DB00F01F02400901236C
:101D50009340024A42F82030704700BF00E100E0A3
:101D6000002808DB0901C9B200F1604000F56140BC
:101D700080F80013704700F00F000901C9B2014B51
:101D80001954704714ED00E000B500F00700C0F1F1
:101D9000070CBCF1040F28BF4FF0040C031D062BE9
:101DA0000FD9C31E4FF0FF3E0EFA0CF021EA0001DE
:101DB00099400EFA03FE22EA0E0241EA02005DF8A3
:101DC00004FB0023EEE70000074AD36823F4E06336
:101DD0001B041B0C000200F4E060034343F0BF63EC
:101DE00043F40033D360704700ED00E010B50446C3
:101DF000054BD868C0F30220FFF7C6FF0146204616
:101E0000FFF7AEFF10BD00BF00ED00E008B5FFF723
:101E100099FF08BD0138B0F1807F0BD24FF0E0236D
:101E20005861054AF02182F82310002098610722AA
:101E30001A6170470120704700ED00E010B50446BC
:101E40000E4B1A784FF47A73B3FBF2F30C4A106816
:101E5000B0FBF3F0FFF7DEFF68B90F2C01D90120CA
:101E60000AE0002221464FF0FF30FFF7BFFF054B8D
:101E70001C60002000E0012010BD00BF0400002015
:101E8000000000200800002008B50B4B1A6842F43F
:101E900000721A601A6842F480621A601A6842F48A
:101EA00080721A600320FFF78FFF0F20FFF7C6FF35
:101EB000FFF73AF8002008BD003C0240034A1168D1
:101EC000034B1B780B441360704700BF6C0200206B
:101ED00004000020014B1868704700BF6C0200200E
:101EE00038B50446FFF7F6FF0546B4F1FF3F02D0D0
:101EF000044B1B781C44FFF7EDFF401BA042FAD3B4
:101F000038BD00BF04000020014BD3F8100A704711
:101F10000070FF1F014BD3F8140A70470070FF1FB9
:101F2000014BD3F8180A70470070FF1F10B4036A02
:101F3000046A24F001040462846924F0F00C4CEA81
:101F4000021223F00A030B43826103625DF8044B23
:101F5000704710B4036A046A24F0100404628469B0
:101F600024F4704C4CEA023223F0A00343EA01133C
:101F7000826103625DF8044B7047836823F070034D
:101F80000B4343F0070383607047000090F83D3037
:101F9000DBB2012B2FD1022380F83D300268D368D9
:101FA00043F00103D3600368154A934218D0B3F19C
:101FB000804F15D0A2F57C42934211D002F5806289
:101FC00093420DD002F58062934209D002F59A3215
:101FD000934205D01A6842F001021A60002070474F
:101FE0009A6802F00702062A07D01A6842F0010236
:101FF0001A6000207047012070470020704700BF22
:1020000000000140704770477047704770B5044644
:102010000368DE681D6915F0020F10D016F0020F7C
:102020000DD06FF002021A610123037703689B69E8
:1020300013F0030F5ED0FFF7E6FF0023237715F0C0
:10204000040F12D016F0040F0FD023686FF00402B3
:102050001A610223237723689B6913F4407F4FD0D2
:102060002046FFF7D0FF0023237715F0080F12D08A
:1020700016F0080F0FD023686FF008021A610423CE
:1020800023772368DB6913F0030F40D02046FFF766
:10209000BAFF0023237715F0100F12D016F0100F9F
:1020A0000FD023686FF010021A610823237723688A
:1020B000DB6913F4407F31D02046FFF7A4FF0023F3
:1020C000237715F0010F02D016F0010F2DD115F076
:1020D000800F02D016F0800F2FD115F0400F02D0E4
:1020E00016F0400F31D115F0200F02D016F0200F5E
:1020F00033D170BDFFF786FF2046FFF785FF9CE7D1
:102100002046FFF77FFF2046FFF77EFFABE7204624
:10211000FFF778FF2046FFF777FFBAE72046FFF783
:1021200071FF2046FFF770FFC9E723686FF00102D7
:102130001A61204609F0F8F8C9E723686FF08002B9
:102140001A61204600F05FF9C7E723686FF040028C
:102150001A612046FFF759FFC5E723686FF0200298
:102160001A61204600F04EF9C3E700000368294ACF
:1021700090420ED0B0F1804F0BD0A2F57C4290423D
:1021800007D002F58062904203D002F5806290424F
:1021900003D123F070034A6813431E4A90421AD0B9
:1021A000B0F1804F17D0A2F57C42904213D002F5D7
:1021B000806290420FD002F5806290420BD002F50F
:1021C0009A32904207D002F58062904203D002F525
:1021D0008062904203D123F44073CA68134323F012
:1021E00080034A69134303608B68C3620B68836290
:1021F000084B98420AD001234361036913F0010F91
:1022000003D0036923F00103036170470B69036383
:10221000F1E700BF0000014040B310B5044690F85C
:102220003D30F3B1022384F83D30214651F8040BD0
:10223000FFF79CFF012384F8463084F83E3084F891
:102240003F3084F8403084F8413084F8423084F8DC
:10225000433084F8443084F8453084F83D30002021
:1022600010BD80F83C3004F077FCDBE701207047BC
:1022700010B4846824F47F4C42EA03220A4342EA01
:102280000C0282605DF8044B704790F83C30012BE3
:1022900078D010B50446012380F83C30022380F842
:1022A0003D300268936823F47F4323F07703936003
:1022B0000B68602B4CD023D8402B54D011D8202B46
:1022C00003D00AD80BB1102B05D119462068FFF7AF
:1022D00054FE002028E0012026E0302BF5D001201C
:1022E00022E0502B0AD1CA6849680068FFF71EFE39
:1022F00050212068FFF741FE002015E0012013E087
:10230000B3F5805F3AD0B3F5005F14D0702B37D1AE
:10231000CB684A6889680068FFF7AAFF226893685B
:1023200043F0770393600020012384F83D300023BD
:1023300084F83C3010BDCB684A6889680068FFF7B4
:1023400097FF2268936843F4804393600020EBE793
:10235000CA6849680068FFF7FCFD60212068FFF744
:102360000CFE0020E0E7CA6849680068FFF7DEFD60
:1023700040212068FFF701FE0020D5E70020D3E7C9
:102380000120D1E70220704790F83C20012A35D087
:1023900010B40346012280F83C20022280F83D2040
:1023A00002685068946820F0700C086840EA0C00DD
:1023B00050601A681248824212D0B2F1804F0FD09A
:1023C000A0F57C4082420BD000F58060824207D0AD
:1023D00000F58060824203D000F59A30824204D139
:1023E00024F08004496821439160012283F83D2054
:1023F000002083F83C005DF8044B704702207047D2
:102400000000014070477047026802F10C0353E876
:10241000003F23F490730C3242E800310029F3D1DD
:10242000026802F1140353E8003F23F00103143261
:1024300042E800310029F3D1036B012B05D02023A2
:1024400080F84230002303637047026802F10C03F6
:1024500053E8003F23F010030C3242E8003100291A
:10246000F3D1ECE710B504460268136923F4405336
:10247000C1680B431361836802691A4343691A43B5
:10248000C3691A430168CB6823F4164323F00C0395
:102490001343CB600268536923F4407381690B4393
:1024A00053610368314A934206D002F58062934239
:1024B00002D0FFF765F801E0FFF772F8E369B3F5C2
:1024C000004F29D00021031849411B1841F1000198
:1024D000C90041EA5371DB00181863684FEA8302B0
:1024E0004FEA937341F10001FEF746FB204AA2FB3D
:1024F00000314909642303FB11031B013233A2FBA2
:1025000003235B0903F0F00202EB011203F00F0357
:10251000216813448B6010BD0023021843EB0301B4
:10252000121841F10001C90041EA5271D20010189D
:1025300041F10001626892185B41FEF71DFB0C4AF5
:10254000A2FB00314909642303FB1103DB00323392
:10255000A2FB03235B095A0002F4F87202EB01129A
:1025600003F00703216813448B60D4E70010014097
:102570001F85EB512DE9F04383B005460E46174603
:102580009946DDF828802B681C6836EA04040CBFE5
:1025900001240024BC4228D1B8F1FF3FF3D0FFF75B
:1025A00099FCA0EB0900404523D8B8F1000F22D0D8
:1025B0002B68DA6812F0040FE5D0802EE3D0402EAD
:1025C000E1D01A6812F0080FDDD0002401941A68D7
:1025D00001925B680193019B2846FFF715FF0823D2
:1025E0006B6485F84040012000E0002003B0BDE8A6
:1025F000F0830320FAE70320F8E760B310B5044640
:1026000090F8413013B3242384F841302268D36812
:1026100023F40053D3602046FFF724FF2268136998
:1026200023F4904313612268536923F02A03536112
:102630002268D36843F40053D360002060642023F1
:1026400084F8413084F84230606310BD80F8403037
:10265000FEF7F6FBD7E7012070472DE9F04182B085
:102660001E4690F84130DBB2202B56D104460D4671
:102670009046002955D00AB901204FE00023436459
:10268000212380F84130FFF725FC0746A4F8248079
:10269000A4F82680A368B3F5805F02D04FF000084D
:1026A00014E023692BB34FF000080FE0202384F8D7
:1026B0004130032032E038F8023B2268C3F30803BC
:1026C0005360E28C92B2013A92B2E284E38C9BB204
:1026D00093B100963B46002280212046FFF74AFF37
:1026E0000028E3D1002DE6D015F8012B23685A60AD
:1026F000E7E7A8460025E9E700963B46002240218F
:102700002046FFF737FF18B9202384F8413005E051
:10271000202384F84130032000E0022002B0BDE80D
:10272000F0810120FAE7000010B503460C4A0D497C
:102730000D48006840B10C4800680344521A9342A7
:1027400006D8094A136010BD0748084C0460F2E738
:102750000AF040FF0C2303604FF0FF30F3E700BFA7
:10276000000001200010000070020020A82B0020B3
:102770000120704708B50AF02DFF162303604FF0C3
:10278000FF3008BD08B54FF0FF31FFF7F3FFFEE75C
:1027900070B50C461646002506E0AFF300802146D2
:1027A00001F8010B01350C46B542F6DB304670BD31
:1027B0004FF0FF3070474FF400534B6000207047DC
:1027C0000120704700207047002807DB00F01F023F
:1027D000400901239340024A42F82030704700BF6D
:1027E00000E100E000280CDB00F01F02400901239B
:1027F00093402030034A42F82030BFF34F8FBFF39D
:102800006F8F704700E100E059BB1E4B1B681E4AEA
:1028100093421FD21D4A934224D81D4A934223D289
:102820001C4A934222D8A2F5DB12A2F5BA52934277
:102830001ED8A2F5B712A2F5587293421AD8164ABA
:10284000934219D2154A934218D2154A934217D38C
:102850000E2200E00622C36823F4705343EA822369
:10286000C36070470722F6E70822F4E70922F2E77F
:102870000A22F0E70B22EEE70C22ECE70D22EAE752
:102880000F22E8E7000000200048E801DF9DA301D7
:1028900000366E013FA44C01807306010024F40051
:1028A000C0E1E40030B40001214B1C588B7803F0E8
:1028B0007F02DD098888C0F30A004FEA420C0CEB66
:1028C000D31C1C4B03EB0C13588191F806C083F802
:1028D0000CC0C97801F003039B0401F00301012936
:1028E00015D04FF080510B43034343F4004385B9A7
:1028F00002F1580149016350D4F81C3802F110016B
:1029000001228A401343C4F81C3830BC70470021B0
:10291000E9E743EA825302F1480149016350D4F8E0
:102920001C38012101FA02F21343C4F81C38ECE709
:1029300064F300087C02002030B400013A4B1B58BD
:1029400001F07F00C90912D103F5306128B14401BB
:1029500001EB401C0D59002D45DB40010B58002AAE
:102960003FD04FF4001213430B5030BC704703F5B7
:10297000106C30B145010CEB40115CF80540002CA7
:1029800014DB44015CF804106AB14FF002620A43A0
:102990004CF80420800140F0200018611A6912F000
:1029A000200FFBD1E1E74FF00062F0E75CF8054053
:1029B00044F000644CF805408C6814F0400FFBD0E4
:1029C0005CF8054052B1194A22434CF805208A6848
:1029D00012F0020FFBD002228A60DBE74FF0804248
:1029E000F2E70022BFE7D3F8040840F40070C3F810
:1029F0000408586910F0800FFBD008598AB10B4ABF
:102A000002430A51DCF8082012F0020FFAD0022229
:102A1000CCF80820D3F8042842F48062C3F80428D4
:102A2000A3E74FF08042EBE764F30008000020408A
:102A3000F0B5BDF8144000013F4D2D58084671B95E
:102A40003E4F37F8121002EB40063D4C04EB0614E3
:102A500064898C4228BF0C46091B27F81210012AF2
:102A600020D005F530614FEA401E01EB401CDCF838
:102A7000106006F06046CCF81060DCF8106044EAA4
:102A8000C3443443CCF8104051F80E3043F00443B3
:102A900041F80E3051F80E3003F44023B3F5802F87
:102AA00032D0F0BD05F51061460101EB401744EA54
:102AB000C3433B618B5943F004438B518B5903F45F
:102AC0004023B3F5802F09D0002CEAD0D5F8343854
:102AD000012282401343C5F83438E2E702EB40029A
:102AE000174B03EB02131B7B012BEDD1D5F8082804
:102AF0008B5912F4807F04D04FF0805213438B51D6
:102B0000E2E74FF00052F9E702EB40020C4B03EB17
:102B100002131B7B012BC4D1D5F8082851F80E30C5
:102B200012F4807F05D04FF08052134341F80E30ED
:102B3000B7E74FF00052F8E764F30008780200208E
:102B40007C020020036943F001030361036913F071
:102B5000010FFBD10369002BFCDA7047002070479E
:102B600010B40001114B1C58900805E004F580508A
:102B7000006841F8040B1846431E9BB20028F5D1AB
:102B8000D0B212F003020ED004F5805423680B700B
:102B900010F0020F02D0C3F307204870022A02D9B6
:102BA000C3F307438B705DF8044B704764F3000870
:102BB00010B50001124C245801F1010C4FEA0C3EF3
:102BC00004EB0C3C990804E052F8041BCCF800100C
:102BD0000146481E80B20029F6D1D8B213F0030393
:102BE0000DD0117810F0020F02D0507841EA002188
:102BF000022B02D9937841EA034144F80E1010BD2C
:102C000064F3000838B50446C56890F8483003F00E
:102C1000C003802B0BD0244809F076FC25F0580522
:102C200094F851303F2B0BD945F0080508E01F48B8
:102C300009F06AFC25F4681525F0C80545F0100573
:102C4000E56094F848309B0923D1A36B43F48033AB
:102C5000A3632046FFF776FF25F4705594F85130B2
:102C60003F2B1BD94FF4A0532B43E36094F848103B
:102C700089092046FFF7C8FDD4F8003823F0030384
:102C800094F8482002F0C002802A0AD0C4F8003824
:102C900038BDA36B23F48033A363DAE74FF41053FA
:102CA000E2E743F48043F1E7C0E80008A4E8000845
:102CB00010B504460F4809F027FCE36843F04003D1
:102CC000E360A36B43F48033A3632046FFF73AFF2E
:102CD000E36823F4705343F4A053E36000212046DB
:102CE000FFF792FDD4F8003843F00303C4F800382E
:102CF00010BD00BFDCE80008F8B5394B040103EB58
:102D000000101D59037A01F07F06B34215D9C90995
:102D10000332940879BBC4F30D0423445B000F33E2
:102D20009BB26A6A9A4259D22E4A12881A44B2F564
:102D3000A07F11D86B62012040E084222A492B48F1
:102D400009F010F84FF0E023D3F8F03D13F0010F35
:102D500000D000BE002031E0A2222349234809F020
:102D600001F84FF0E023D3F8F03D13F0010F00D04D
:102D700000BE002022E0AB6813F0800F01D1640098
:102D8000A4B2184B1A881319696A0B44B3F5A07FD3
:102D900015D8224492B2134F3A809200C2F5A06235
:102DA000A100134808F0DEFF3B88C3F5A07343EA97
:102DB00004433F3605EB86056B600120F8BDAF226A
:102DC00009490A4808F0CEFF4FF0E023D3F8F03D60
:102DD00013F0010F00D000BE0020EFE70120EDE767
:102DE00064F30008760200203CF30008F0E80008D5
:102DF00008E9000838B5334B020103EB00109C587A
:102E0000057A8022002130480AF022FC00232F4A54
:102E10001370D4F8002822F4FE62C4F8002808E0F9
:102E200003F158025201A15841F00061A150013351
:102E3000DBB2AB42F4D3002301E00133DBB2AB429F
:102E40000DD203F148025201A258002AF5DA03F12B
:102E500048025201A15841F09041A150EDE74FF4D2
:102E600084632361236913F0200FFBD110232361B6
:102E7000236913F0100FFBD14FF00113C4F81C3875
:102E80000923C4F81438C4F810386D002F35656272
:102E90000F4B10221A800F4BA362D4F8003923F095
:102EA0000303C4F80039084B40225A815A83D4F8EE
:102EB000103B43F0C043C4F8103BA36943F44023E4
:102EC000A36138BD64F300087C0200207402002076
:102ED00076020020300110002DE9F04186B0064650
:102EE000374B010103EB00125D58177A00243DE0D7
:102EF000082205EB4813C3F8082B0023039304931F
:102F000005938DF80C6006238DF80D302D4B93E85A
:102F1000030006AB03E90300012103A802F00AFD48
:102F200005EB4813D3F8083B13F0010F1CD005EB59
:102F300048130122C3F8082B14B9234B1B889BBBF1
:102F4000224B03EB48131A89002303930493059340
:102F50008DF80C6007238DF80D308DF81040059228
:102F6000012103A802F0E6FC0134E4B2BC4223D202
:102F7000D5F8183804F11002D34013F0010FF3D044
:102F8000A04605EB4413D3F8083B13F0080FC7D055
:102F900013F4004FACD02A6C0D4B9A4201D8082292
:102FA000A7E748F20802A4E700931346002221464F
:102FB0003046FFF73DFDD7E706B0BDE8F08100BF22
:102FC00064F30008FC020020780200207C0200204C
:102FD0000930544F2DE9F04103013F4AD5582C6A7E
:102FE000C4F3434304F00F06C4F30A14013B052B5A
:102FF00069D8DFE803F00A154D0C680305F5805524
:103000002A68364B1A602A685A60BDE8F08105EBE1
:103010004615D5F8103B43F0C043C5F8103BF4E724
:1030200005F580512E4B03EB46135B6813B3224624
:10303000184600F067FE2A4B03EB46135B89A34258
:10304000E3D905EB4615D5F8101BC1F31201244A4C
:1030500002EB461213895B1A9BB21381002ED4D166
:10306000204908881E4A02EB46121B1A13810023CE
:103070000B80CAE7DFF868807701224658F807100E
:10308000FFF76EFD58F80730234448F80730D2E7C1
:10309000002EBAD1002CB8D12A6C134B9A42B4D965
:1030A00005EB4613D3F8083B48F220021342ACD09C
:1030B00013F0200F05D1012305EB4615C5F8083B99
:1030C000A3E72123F8E74FF0E023D3F8F03D13F016
:1030D000010F9AD000BE98E764F30008FC020020BC
:1030E0007C020020780200200930544F2DE9F04F77
:1030F0008BB0504B010103EB001253F8019092F892
:1031000008A009F5106500240290AB4623E044F0C6
:103110008003494A02EB4812118B00220792089261
:103120000992029A8DF81C2007228DF81D208DF837
:1031300020300991012107A802F0FCFBB36813F0CD
:10314000800F06D0D9F83438012505FA08F52B424E
:1031500020D10134E4B2544568D2D9F81838E3409C
:1031600013F0010FF5D0A0460BEB4416B36813F033
:10317000010FE3D00123B360002CC8D12F4B5B8833
:10318000002BC4D0009301231A4621460298FFF772
:103190004FFCD3E73369C3F3C94300270395CDF848
:1031A00010A0CDF814B09B4610E0234B03EB481A57
:1031B0002B46DAF8102021460298FFF7F9FCDAF8DE
:1031C00010302B44CAF810300137BFB25F451CD213
:1031D00033699BB2184A02EB4812558B9D4228BFB7
:1031E0001D46B269164B03EA82039D420DD8124B6D
:1031F00003EB481358690028D7D008F101012A468B
:1032000009EB013100F051FDDEE7039DDDF810A070
:10321000DDF814B03369C3F31203002B99D1D9F848
:10322000343823EA0503C9F8343892E70BB0BDE817
:10323000F08F00BF64F300087C02002078020020B9
:10324000FCFF030070B5064600F13C05084809F094
:103250005BF9002405E055F82410064808F082FDCB
:103260000134042CF7D9316D034808F07BFD70BDA3
:1032700030E9000864E9000870E9000810B5044668
:10328000FFF7E0FF236C6FF30F03104A934218D04F
:103290000F4A934217D002F58032934201D10120A8
:1032A00010E04FF40B720B490B4808F05BFD4FF038
:1032B000E023D3F8F03D13F0010F00D000BE002052
:1032C00000E0012010BD0120FCE700BF0000544FCA
:1032D0000000315558F30008F0E8000808B5044B29
:1032E00003EB001393F90400FFF76EFA08BD00BF6B
:1032F00064F3000808B5044B03EB001393F90400D2
:10330000FFF770FA08BD00BF64F300080001044B2A
:103310001A58D2F8043823F00203C2F80438704770
:1033200064F300080001044B1A58D2F8043843F043
:103330000203C2F80438704764F3000838B5054644
:1033400003012A4AD4582046FFF798FF00B938BD38
:103350002846FFF7E7FF2046FFF700FC002841D092
:103360002046FFF74FFCD4F8003E23F00F03C4F8CB
:10337000003EE36843F00703E360E36823F0C043E3
:1033800043F08043E360236823F0D00343F0C0039D
:103390002360D4F8003843F00403C4F800384FF435
:1033A00084632361236913F0200FFBD11023236171
:1033B000236913F0100FFBD16269636913436361E2
:1033C0006268636813436360094BA361A36843F0B9
:1033D0008003A360A36843F00103A3602846FFF7BE
:1033E00095FFB4E72046FFF763FCBCE764F30008F1
:1033F000143800800001084B1B58084A117031B185
:1034000008225A619A6942F008029A6170479A69E3
:1034100022F008029A61704764F3000874020020E9
:1034200070B505460C468A88C2F30A028978FFF710
:1034300063FC064628B121462846FFF733FA30469A
:1034400070BD40F2D1220649064808F08BFC4FF0CF
:10345000E023D3F8F03D13F0010FF0D000BEEEE70B
:1034600048F30008F0E8000810B5284B020103EB10
:1034700000109B5890F808C04FF00112C3F81C28A8
:1034800001220EE002F1580040011C5844F0904423
:103490001C500FE01E4800EB411100204883013210
:1034A000D2B262451BD2114602F1580040011858B1
:1034B0000028E7DB164800EB41104FF0000EA0F8A3
:1034C0000AE001F14800400118587045E2DA01F1C4
:1034D000480040011C5844F090441C50DAE74FEA81
:1034E0004C0C0CF12F025A620A4A102111804FF441
:1034F00084621A611A6912F0200FFBD110221A613E
:103500001A6912F0100FFBD110BD00BF64F3000860
:103510007C0200207602002070B582B08E461646EE
:103520001C4601F07F014FEADE12184B4FEA410CB6
:103530000CEBDE1C4FEA0C1503EB0C1C5E51002358
:10354000CCF80430ACF80840B9B102EB41050F4BA0
:1035500003EB05135D89B4FBF5FC1FFA8CF305FB47
:103560001C4C1FFA8CF505B90CB901339BB20094C1
:10357000FFF75EFA012002B070BD054B23F8124040
:1035800000940123FFF754FAF4E700BF7C02002007
:103590007802002008B50301074AD258D2F8003853
:1035A00023F4FE6343EA0113C2F8003800231A46ED
:1035B0008021FFF7B1FF08BD64F3000808B50122C0
:1035C000FFF7BAF908BD000000010E4B1A5801F0D0
:1035D0007F03C9090AD158335B01D15821F4001186
:1035E000D150D15841F08051D150704748335B01E0
:1035F000D15821F40011D150D15841F08051D1500F
:10360000704700BF64F30008F0B585B006460301BB
:10361000564AD458A36965691D4015F4805F62D18C
:1036200015F4005F1AD04FF400536361D4F80838E2
:10363000C3F3410213F0060F5BD0022A5BD10122D3
:1036400000230193029303938DF8046001218DF808
:1036500005108DF8082001A802F06CF915F4006F30
:103660004BD1002D5BDB15F0040F04D0676817F019
:10367000040F65D1676015F0080F1AD00823636145
:10368000D4F80838C3F30D23394A12781AB9A2695D
:1036900022F00802A26100220192029203928DF8A8
:1036A000046003228DF805200293012101A802F095
:1036B00041F915F0100F0ED0A36923F01003A36198
:1036C0003046FFF787FC636913F0100FF8D1A36948
:1036D00043F01003A36115F4002F3FD115F4802FA0
:1036E00040D105B0F0BD4FF480536361FFF782FB1A
:1036F00096E70222A4E70022A2E74FF40063636189
:1037000000230193029303938DF8046004238DF842
:10371000053001210DEB030002F00CF9A1E74FF099
:103720000043636100230193029303938DF80460C7
:1037300005238DF80530012101A802F0FBF892E77E
:1037400000230193029303938DF8046002238DF804
:103750000530012101A802F0EDF88BE73046FFF7B4
:10376000BBFBBBE73046FFF7C1FCBAE764F30008D8
:103770007402002003460A4490B2814202D8B0EBA2
:10378000430F03DB5B009BB2C01A80B2704710B5D9
:1037900086460846BEF804C09A420CD3D41AA4B296
:1037A00024B3A44514D294450CD8A2EB0C0293B2D6
:1037B000AEF80A300CE0D41A4FEA4C0111FA84F446
:1037C000A4B2EDE7624493B2F2E7A3EB0C039BB221
:1037D0009C45FAD9DEF80010BEF80620C2F30E02AE
:1037E00002FB031108F044FF012010BD0020FCE79C
:1037F00030B583B00546940803E051F8044B2C60C3
:103800001C46631E9BB2002CF7D112F0030201D1BB
:1038100003B030BD0023019301A808F029FF019BEC
:103820002B60F5E72DE9F04782B005460E469DF87E
:1038300028E0B0F804C0ACEB030080B2A3EB0C0CA2
:1038400094441FFA8CFCE988C1F30E0919FB00F7B8
:10385000BFB219FB0CFC1FFA8CFA2C6809FB034859
:10386000BEF1000F05D0BEF1010F17D002B0BDE8C8
:10387000F0874946904206D301FB02F241463046AA
:1038800008F0F6FEF2E73A464146304608F0F0FE10
:1038900052462968F01908F0EBFEE7E7904207D39B
:1038A00019FB02F292B241463046FFF7A1FFDDE775
:1038B00027F003021FFA82F94A4641463046FFF7D5
:1038C00097FF08EB090217F003012CD0C1F10407A0
:1038D000BFB2574528BF5746FFB2AAEB070C1FFAE5
:1038E0008CFA0023019301A804E012F8011B00F8F0
:1038F000011B19464B1EDBB20029F6D1296804E0F2
:1039000011F8012B00F8012B1F467B1EDBB2002FA4
:10391000F6D1019B3360BAF1000FA7D05246304672
:10392000FFF766FFA2E72968F5E730B583B09E464A
:10393000BDF81830B0F804C09E4511D3AEEB0304B7
:10394000A4B224B3A44507D2F44511D8AEEB0C0EB3
:103950001FFA8EF343816446944210D314460EE05E
:10396000AEEB03044FEA4C0515FA84F4A4B2E8E781
:10397000E6441FFA8EF3EDE7A3EB0C039BB29C45E4
:10398000FAD99DF81C2000922246FFF74BFF2046F3
:1039900003B030BD30B583B00446B0F808C04589E7
:1039A000ADB2019300951FFA8CF3FFF7BEFF0546F9
:1039B0006189024689B2A088FFF7DCFE6081284653
:1039C00003B030BD10B582B0940803E00C6840F835
:1039D000044B1C46631E9BB2002CF7D112F003026D
:1039E00001D102B010BD0B68019301A908F040FE9F
:1039F000F7E72DE9F04782B005460E469DF828E02E
:103A0000B0F804C0ACEB030189B2A3EB0C0C9444F6
:103A10001FFA8CFCC088C0F30E0919FB01F7BFB276
:103A200019FB0CFC1FFA8CFA2C6809FB0348BEF149
:103A3000000F05D0BEF1010F17D002B0BDE8F0872E
:103A40004846914206D300FB02F23146404608F058
:103A50000FFEF2E73A463146404608F009FE52466C
:103A6000F119286808F004FEE7E7914207D319FB33
:103A700002F292B231464046FFF7A4FFDDE727F09D
:103A800003021FFA82F94A4631464046FFF79AFF81
:103A900008EB090217F003002AD0C0F10407BFB2F7
:103AA000574528BF5746FFB2AAEB070C1FFA8CFAFE
:103AB0003368019301A904E011F8010B02F8010B2E
:103AC0001846431EDBB20028F6D1286804E011F83E
:103AD000012B00F8012B1F467B1EDBB2002FF6D115
:103AE000BAF1000FA9D052463146FFF76BFFA4E7A9
:103AF0002868F5E72DE9F04383B09146002A5BD0B2
:103B0000044688461F460689B6B2418989B2C37900
:103B1000DB0918D183888E420DD3711A89B28B428A
:103B20000FD95D1AADB24D4528BF4D46002D44D08A
:103B3000A288334631E0711A5A0012FA81F189B233
:103B4000EDE70025EFE78588954209D8FFB9A2EB9C
:103B50000509C388C3F30E0303FB09880E46E5E796
:103B60008E420ED3731A9BB24B44B3EB450F10DB5E
:103B7000A5EB090292B22846FFF7FCFD06464D462A
:103B8000D4E7731A6A0012FA83F39BB2ECE70E468D
:103B9000CCE74D46CAE79B1A9BB29A42FBD90097E5
:103BA0002A4641462046FFF724FF2A463146A08890
:103BB000FFF7E0FD208100E01546284603B0BDE890
:103BC000F083B2F5004F10D801608280C28863F3A1
:103BD0000E02C280C3799DF8002062F3C713C3713F
:103BE0000023438103810120704700207047024673
:103BF000808813899BB2528992B2934205D39B1A53
:103C00009BB2984228BF184670479B1A420012FA8E
:103C100083F39BB2F5E7028992B243899BB29A4241
:103C200014BF002001207047818803899BB242891C
:103C300092B2934206D39B1A98B281428CBF002065
:103C4000012070479B1A4A0012FA83F398B2F4E7F6
:103C5000828803899BB2418989B28B4206D35B1A61
:103C60009BB29A4208D9D01A80B270475B1A5100B1
:103C700011FA83F39BB2F4E70020704738B504468D
:103C8000028943899BB292B2FFF781FD05466189A3
:103C9000024689B2A088FFF76DFD6081284638BDD5
:103CA00008B50023FFF776FE08BD08B50123FFF72E
:103CB00071FE08BD70B504460E460589ADB2FFF72A
:103CC000B3FF10B1E079C00916D0A2882B4601E0FD
:103CD0009B1A9BB29A42FBD92068E288C2F30E027B
:103CE000314602FB030008F0C3FC01222946A088EC
:103CF000FFF740FD2081012070BD08B50023FFF7CC
:103D0000F9FE08BD08B50123FFF7F4FE08BD002346
:103D10004381038101207047C37961F3C713C371E5
:103D20000120704738B5044601F060FD30B900232A
:103D3000184613B1E37843B9002038BD01F05EFDA9
:103D400008B90123F4E70023F2E704F1100528463F
:103D5000FFF77EFF3F2801D80020EEE7E178002042
:103D600001F07AFF0028E8D02846FFF771FF3F28CE
:103D700007D9402304F1A802E178002001F08CFF6C
:103D8000DBE7E178002001F077FF0020D5E70000B5
:103D900008B54FF4947303FB00F01030024B184445
:103DA000FFF725FF08BD00BF0803002038B54FF41A
:103DB000947303FB00F00A4BC518103018444FF6FB
:103DC000FE739A4208D892B2FFF76AFF044628466B
:103DD000FFF7A8FF204638BD4FF6FF72F4E700BF9B
:103DE0000803002010B54FF4947300FB03F305485B
:103DF0001C1810331844FFF78AFF2046FFF792FF84
:103E000010BD00BF0803002070B5054601F0EEFCB0
:103E100018B9002343B9002070BD01F0EFFC08B9C8
:103E20000123F7E70023F5E74FF4947405FB04F44E
:103E30001834254B1C4404342046FFF7D8FE08B93B
:103E40000020E9E7204B4FF4947202FB0533997888
:103E5000002001F001FF08B90020DDE74FF494765F
:103E600005FB06F6E836184B1E4440223146204634
:103E7000FFF716FF0446E0B113494FF4947303FBB8
:103E80000511034632468978002001F005FF08B18C
:103E90002046C1E7CD220D490D4807F063FF4FF0E2
:103EA000E023D3F8F03D13F0010F00D000BE002056
:103EB000B2E7054B4FF4947202FB0533997800206A
:103EC00001F0DAFE0020A7E70803002090F30008C5
:103ED000F0E8000870B505464FF4947400FB04F454
:103EE00018340D4B1C4404344FF6FE739A420BD821
:103EF00092B22046FFF701FF06462046FFF777FE05
:103F00003F2804D8304670BD4FF6FF72F1E72846CF
:103F1000FFF77AFFF6E700BF0803002070B582B014
:103F20004FF494720021194809F092FB0025184BB8
:103F30001D700DB102B070BD144E4FF4947405FBAA
:103F400004F43319FF225A714FF4E1329A600022CF
:103F50001A735A730821997304F1280104F11000AF
:103F600000920123402231443044FFF72AFE04F13D
:103F7000680104F1180030440123009340223144C9
:103F80000430FFF71EFE0135EDB2D2E70803002032
:103F9000040300200120704738B5002404B138BD67
:103FA00025464FF4947304FB03F319495818002273
:103FB000CA500271174B1B7813F0010F12D0154B2A
:103FC0001B7813F0020F17D04FF4947303FB05F026
:103FD00018300F4B184401210430FFF79DFE0134C7
:103FE000E4B2DBE74FF4947304FB03F310330846A9
:103FF0001844FFF78CFEE2E74FF4947005FB00F0E5
:104000001830034B18440430FFF781FEDCE700BF93
:104010000803002004030020F0B583B04B79022B85
:104020007BD105468B79022B7BD100237BB14FF4EA
:104030009A723D493D4807F095FE4FF0E023D3F8D2
:10404000F03D13F0010F00D000BE002466E03848B8
:104050004FF4947404FB0300807810B10133DBB299
:10406000E4E704FB03F332481E188C78C4540F783D
:104070000F4409247B78242B06D1944204D83B7842
:104080001C44A4B21F44F5E7052B09D07B78042B10
:1040900002D17B790A2B1FD03046FFF743FE3DE06B
:1040A0003946284601F048FD30B1BB7873703B7843
:1040B0001C44A4B21F44E9E74FF4A3721A491B48F9
:1040C00007F050FE4FF0E023D3F8F03D13F0010F5E
:1040D00000D000BE002421E039780C44A4B2B31C07
:1040E0000193F31C009302231A463944284601F039
:1040F00061FD10B10E34A4B2CEE740F255120A4968
:104100000A4807F02FFE4FF0E023D3F8F03D13F0FC
:10411000010F00D000BE002400E00024204603B0C0
:10412000F0BD0024FAE700BF84F30008F0E80008BF
:1041300008030020F8B5137803F06003202B40F04B
:10414000818006461446454F0025002D7CD13A78E3
:10415000A3889A4204D00135EDB207F59477F4E7CD
:104160006378203B032B71D8DFE803F0021E2E5545
:10417000012903D003290DD0012064E0384808F05C
:10418000C3F9072307F108022146304600F0E8FF93
:10419000012058E0334B002B5AD007F10801284684
:1041A000AFF3008001204EE0012901D001204AE058
:1041B0002D4808F0A9F9072307F1080221463046E7
:1041C00000F0CEFF01203EE0012903D0032907D0F3
:1041D000012038E02146304600F0AEFF012032E0F9
:1041E000638813F00104C3F340063B710CBF012147
:1041F000002107F11C00FFF78FFD324621461B48C6
:1042000007F0B0FD1A4B2BB332462146284606F084
:1042100099FE012017E0012903D0032907D00120CE
:1042200011E02146304600F087FF01200BE01148E5
:1042300008F06AF9104B7BB161882846AFF3008023
:10424000012000E00020F8BD0020FCE70020FAE794
:104250000120F8E70120F6E70120F4E70803002039
:104260007CE900080000000090E90008A4E90008CB
:1042700045AF0008D4E90008000000002DE9F04730
:1042800007460E469946002454B1BCB9EB78B342B8
:1042900024D0AB78B34255D001242046BDE8F08746
:1042A0004FF494733D4D03FB0455EB78B342ECD0CF
:1042B000AB78B342E9D00134E4B2E5E740F2B5129D
:1042C0003749384807F04EFD4FF0E023D3F8F03D72
:1042D00013F0010F00D000BE0024DEE705F1100A44
:1042E0001FFA89F205F1A8015046FFF706FD2E4B93
:1042F000D3B16B79FF2B17D04FF0000801E008F124
:104300000108C84510D26A7905EB080393F8A83074
:104310009A42F4D15046FFF77EFC0028EFD169792C
:104320002046AFF30080EAE7204B1BB15046FFF771
:1043300072FC18B12846FFF7F5FCAAE7204606F004
:1043400002FEF7E71A4B13B12046AFF30080204678
:10435000FFF75AFD08B101249FE705F11C00FFF7A4
:1043600046FCB0B9B9F1000F15D019F03F0F01D0DC
:10437000012492E7A978384601F06EFC044608B99A
:1043800001248AE700231A46A978384601F084FC04
:1043900083E7012481E701247FE700BF08030020B1
:1043A00074F30008F0E800080000000047AF0008C0
:1043B00000000000002380F830304363836380F8FE
:1043C0003C3080F83D3080F83E30704708B58B684F
:1043D0008A6B9B1A8B62032381F830300D2301F125
:1043E000200291F82E1001F057FC08BD10B50B46C5
:1043F000002201E0013292B20488944208D9446854
:1044000004EBC20154F832409C42F3D1486806E004
:10441000034C044A0B21204608F0DCF9204610BD6D
:1044200030040020E4E9000808B5C28A816839B97F
:104430000AB9002008BD184808F066F80220F9E71C
:1044400053BA9BB290F80FC0BCF1280F07D0BCF153
:104450002A0F0ED0AAB1994218D30020EAE790F8AB
:104460000CE05FEADE1EF2D10C4808F04DF80220A5
:10447000E0E7007BC009EDD0094808F045F80220CC
:10448000D8E7084808F040F80120D3E7064808F0CC
:104490003BF80220CEE700BFECE900081CEA000868
:1044A00038EA000854EA000894EA0008044880F852
:1044B0003C1080F83D2080F83E300120704700BF5E
:1044C0003C24002070B58CB0054616461C4691F879
:1044D00000C0BCF1250F00F28281DFE81CF026004D
:1044E000800180013901800180018001800180010B
:1044F00080018001800180018001800180018001B4
:104500008001CD0080018001800180018001800157
:1045100080010E013A008001800158008001800175
:10452000800180019A008001720006F047FD00289A
:1045300040F05A81B14B93F83C3013B14FF0FF3447
:104540004FE13A2202212846FFF7B0FF4FF0FF3437
:1045500047E1AB4B002B00F049810979C1F34003DF
:1045600001F00102090906F047FD002840F04081F2
:10457000A24B93F83C3013B14FF0FF3431E13A22B3
:1045800002212846FFF792FF4FF0FF3429E19D4BAF
:10459000002B00F02F814A790979AFF300800028C1
:1045A00040F02A81954B93F83C3013B14FF0FF3423
:1045B00017E13A2202212846FFF778FF4FF0FF3437
:1045C0000FE10DF1060202A906F008FDBDF8062074
:1045D000029B03B172B9894B93F83C3013B14FF091
:1045E000FF34FEE03A2202212846FFF75FFF4FF03A
:1045F000FF34F6E0013B1BBA039312BA0492072C76
:1046000005D903AB03CB306071600824E9E00024D6
:10461000E7E0002303930493059308238DF80F30FC
:1046200002238DF814300DF1060202A906F0D6FC23
:10463000029B13B1BDF8062072B9704B93F83C3061
:1046400013B14FF0FF34CCE03A2202212846FFF7A5
:104650002DFF4FF0FF34C4E01BBA049352BAADF8FB
:1046600016200B2C06D903AB07CB30607160B2600B
:104670000C24B6E00024B4E02422002103A808F0B2
:10468000E7FF9DF80D3043F080038DF80D300222D6
:104690008DF80E209DF80F3062F303038DF80F3074
:1046A0001F238DF810304FF02033059306930793A6
:1046B000089309930A930B930BAB07AA05A9284605
:1046C00006F042FC232C16D903ADB4460BAE2C46A3
:1046D0000FCCCCF80000CCF80410CCF80820CCF8B3
:1046E0000C3025460CF1100CB442F0D12068CCF807
:1046F0000000242475E0002473E003238DF80C30BF
:1047000000238DF80D309DF80E2063F306028DF81E
:104710000E20D2B263F3C7128DF80E208DF80F3041
:10472000394B8BB106F092FC034683F00103DBB2F8
:104730009DF80E2063F3C7128DF80E20032C05D9C7
:10474000039B336004244CE00123EEE7002448E09F
:1047500000230393049305930693ADF81C309DF852
:104760000C30702262F306038DF80C30DBB243F09C
:1047700080038DF80C300A238DF813301F4B93F80B
:104780003C109DF80E2061F303028DF80E2093F883
:104790003D208DF8182093F83E308DF81930112CFB
:1047A0001BD90DF10C0CBCE80F0030607160B260D9
:1047B000F360BCF800303382144B63B1A2B23146CF
:1047C0002846AFF30080044600231A4619462846BF
:1047D000FFF76CFE05E01224F6E7002401E04FF03D
:1047E000FF3420460CB070BD0024FAE70024F8E73F
:1047F0000024F6E70024F4E70024F2E73C2400203C
:10480000F9AF0008000000004DB0000800000000F3
:1048100038B505460C4681F82C208B688A6B9B1AAC
:104820008B62022381F8303091F83C3063B1A36889
:104830004BB1A36A3BB1237BDB090BD094F82E105C
:10484000284601F09DFA38BD20220521607BFFF744
:104850002DFEECE794F82F10284601F091FAF2E7CC
:1048600030B587B005460C46CA8A2AB153BA9BB206
:104870008A68B2FBF3F292B2D4F8111009BAA06BB5
:10488000B0FBF2FCA3681B1AB3F5005F28BF4FF41E
:1048900000530093214B02FB1C026144607B06F035
:1048A000B5FB002812DB00BB94F82E3000210391E9
:1048B000049105918DF80C5007228DF80D208DF88C
:1048C000103003A801F036F807B030BD144807F0E7
:1048D0001BFE00233A220221607BFFF7E7FD012245
:1048E00021462846FFF794FFEEE783B20B4A94F87F
:1048F0002E10284601F0D0F90028E5D140F2773299
:104900000849094807F02EFA4FF0E023D3F8F03DAC
:1049100013F0010FD8D000BED6E700BF3C04002042
:10492000E8EA0008A8F30008F0E8000838B50546F2
:104930000C46194B1BB1487B06F088FB80B1A3687D
:10494000A26B9B1AB3F5005F28BF4FF400539BB2D4
:10495000124A94F82F10284601F09EF960B138BD34
:10496000002327220721607BFFF7A0FD01222146BB
:104970002846FFF74DFFF2E740F292320849094816
:1049800007F0F0F94FF0E023D3F8F03D13F0010FFA
:10499000E5D000BEE3E700BF4DB000083C040020B6
:1049A000B8F30008F0E80008F0B587B007460C46F9
:1049B0001646CD8A2DB16BBA9BB28D68B5FBF3F567
:1049C000ADB2D4F8111009BAA26BB2FBF5F00096A3
:1049D000254B05FB10220144607B06F039FB011ECC
:1049E00017DBB14231D2761A002924DC94F82F303B
:1049F00000210391049105918DF80C7007228DF828
:104A00000D208DF81030059603A800F093FF07B035
:104A1000F0BD164807F078FDA36B3344A363002371
:104A20003A220221607BFFF741FD012221463846F0
:104A3000FFF7EEFEEBE7A36B13FA81F3A3630A48DB
:104A40003246014408F0EAFDD0E7A36B3344A36388
:104A5000626B934203D3022384F83030D7E72146B8
:104A60003846FFF763FFD2E73C0400200CEB000858
:104A700008B540220021024808F0EAFD08BD00BF49
:104A80003C24002008B540220021024808F0E0FD47
:104A900008BD00BF3C2400204B79082B58D110B52D
:104AA00082B004468B79062B54D1CB79502B54D14C
:104AB000162A1DD98A782A4B83F82D20087803F10D
:104AC0002E0201922F33009302231A4601442046FE
:104AD00001F070F8E0B1224A002382F830301F2341
:104AE00092F82F10204601F0D7F808B3172032E0D3
:104AF0004FF48C721B491C4807F034F94FF0E02347
:104B0000D3F8F03D13F0010F00D000BE002022E0EA
:104B10004FF48F721349144807F024F94FF0E02343
:104B2000D3F8F03D13F0010F00D000BE002012E0DA
:104B300040F221120B490C4807F014F94FF0E02322
:104B4000D3F8F03D13F0010F00D000BE172002E0B3
:104B500000207047002002B010BD0020FBE700BF1E
:104B60003C240020F4F30008F0E8000830B583B0DE
:104B7000012940F0A08005461446137803F07F0217
:104B8000022A16D003F06003202B40F0988063784F
:104B9000FE2B6FD0FF2B40F094804C4807F0B4FC04
:104BA0006388002B40F08F80E388002B59D00024CD
:104BB00082E06278012AE5D16288002AE2D1A188E8
:104BC000C9B2434B93F83030042B2ED0404A92F8B0
:104BD0002E208A422CD03E4A92F82F408C4229D176
:104BE00043BB214601F0BEF820BB2146284601F018
:104BF00013F9F8B9364A002382F830301F2392F8AF
:104C00002F10284601F048F8044698B940F25B128C
:104C10003049314807F0A6F84FF0E023D3F8F03DD3
:104C200013F0010F48D000BE46E001F0A9F801E002
:104C3000022B01D001243FE02549FFF7C7FB0446C2
:104C40000028F7D14FF4A8722249234807F08AF8C8
:104C50004FF0E023D3F8F03D13F0010F2CD000BE4D
:104C60002AE01B48FFF7A6FB2146284600F064FA1D
:104C7000012421E0194807F047FC63886BB9E388F9
:104C8000012B0AD18DF80730154B1BB1AFF3008013
:104C90008DF807009DF807300BB900240CE0013BAC
:104CA0008DF8073001230DF107022146284600F058
:104CB00057FA012400E00124204603B030BD00244F
:104CC000FAE70024F8E70024F6E700BF30EB00081D
:104CD0003C240020DCF30008F0E8000844EB000866
:104CE0000000000070B506461D469D4C94F830202B
:104CF000012A00F0E980032A00F04C81002A40F0EC
:104D0000538194F82F308B4240F0C5811F2D03D181
:104D10002268944B9A4212D0934807F0F5FB904CCE
:104D2000042384F8303094F82E10304601F028F82F
:104D300094F82F10304601F023F800243AE1884C13
:104D4000657BE17B8948FFF751FB0246294688488D
:104D500007F008F8874B2362636863620022A2624F
:104D600084F82C20012384F83030A3686363A263A5
:104D7000E27B282A13D02A2A11D0002B4BD0784A64
:104D8000127BD20947D1B3F5005F28D97A4807F0E2
:104D9000BBFB012272493046FFF73AFD04E170483F
:104DA000FFF742FB024658B96D4B9B6893B16C4BC1
:104DB000DB7B282B09D06A493046FFF7B7FDF3E0CB
:104DC00067493046FFF724FDEEE065493046FFF7BE
:104DD00047FDE9E0624B022283F83020E4E09BB219
:104DE000664A5F4991F82F10304600F055FF04469F
:104DF000002840F0D98040F2D9126149614806F09C
:104E0000B1FF4FF0E023D3F8F03D13F0010F00F0B5
:104E1000D18000BECEE052484FF40053574A00F113
:104E20000F01407BFFF74EFB002808DB28BB4C4BF3
:104E30009B68E3B94A4B022283F83020B4E0484B28
:104E400093F83C3053B10028F0DA4F4807F05CFB90
:104E5000012243493046FFF7DBFCA5E04048838E42
:104E6000464A00F10F01407B06F0F5F8EBE701221E
:104E70003B493046FFF7CCFC96E0394B9B682BB999
:104E8000012237493046FFF7C3FC8DE0834228BF3B
:104E9000034633494B639BB2384A91F82E10304693
:104EA00000F0FAFE044600287ED14FF40172344926
:104EB000344806F057FF4FF0E023D3F8F03D13F0ED
:104EC000010F77D000BE75E0254C617B2F4806F0BE
:104ED00049FFE37B282B12D02A2B1FD0204B9A6B43
:104EE0002A449A631B7BDB091ED01D4B9A6B5B6BBC
:104EF0009A422CD31A4B022283F8302054E0A36B41
:104F00002B44A363626B934203D3022284F83020C4
:104F10004AE013493046FFF7A3FC45E02A46104912
:104F20003046FFF741FD3FE00D48838E134A00F104
:104F30000F01407B06F08FF80028D6DA144807F0FE
:104F4000E3FA012206493046FFF762FCCDE74FF055
:104F5000E023D3F8F03D13F0010F25D000BE23E08D
:104F60003C2400205553424358EB000800F400084D
:104F700074EB00085553425394EB00083C040020A6
:104F8000CCF30008F0E80008C8EB0008F0EB0008DC
:104F900008EC0008414B93F82E308B4201D10D2DC7
:104FA0000AD03F4807F0B0FA3C4B93F83030022B60
:104FB00041D00124204670BD384C94F82C20617BF0
:104FC000384806F0CFFEE37B282B0AD02A2B2AD0C4
:104FD000354B63B1314B03F10F01587BAFF30080C8
:104FE00005E0324B1BB12D4B587BAFF300802B4AB1
:104FF000002382F830301F2392F82F10304600F043
:105000004BFE04460028CFD140F25E2228492948B1
:1050100006F0A8FE4FF0E023D3F8F03D13F0010FA7
:10502000C8D000BEC6E7244B002BE0D01B4B587BFA
:10503000AFF30080DBE7194B93F82E10304600F0F9
:10504000EBFE04460028B5D1144B9A689B6B9A423C
:1050500003D9124B1B7BDB0915D110493046FFF7F2
:10506000B5F904460028A5D140F27522104911482F
:1050700006F078FE4FF0E023D3F8F03D13F0010F77
:1050800098D000BE96E7054B93F82E10304600F0FE
:1050900077FE01248EE701248CE700BF3C2400202A
:1050A00044EC000824EC00080000000000000000B0
:1050B000CCF30008F0E800080000000008B591F902
:1050C0000030002B05DB802100231A4600F0E4FDB0
:1050D00008BD0021F8E70000F8B50746134B9E898C
:1050E000DD89741BA4B2402C28BF402493F9003002
:1050F000002B08DB0021AE4213D00D4A2346384670
:1051000000F0CAFDF8BDAE4209D0084B9968402CAA
:1051100009D82246064807F0ABFA8021EBE7802148
:10512000E9E70022EAE70020ECE700BFBC2400200A
:105130007C2400207047000008B586460B46074ACD
:10514000944608684968ACE8030000219160D18169
:10515000918119467046FFF7B1FF08BDBC240020BD
:1051600038B505468C46264CA64608684968AEE820
:105170000300A2600021E181BCF806108B4228BF29
:105180000B46A381BCF8061029B303B132B12846FF
:10519000FFF7A2FF044680B1204638BD77221949A7
:1051A000194806F0DFFD4FF0E023D3F8F03D13F08F
:1051B000010F00D000BE0024EEE77D221149124805
:1051C00006F0D0FD4FF0E023D3F8F03D13F0010FCF
:1051D000E2D000BEE0E761462846FFF76FFF0446D5
:1051E0000028D9D180220749074806F0BBFD4FF0BF
:1051F000E023D3F8F03D13F0010FCDD000BECBE794
:10520000BC24002078F40008F0E80008034B0022DA
:105210001A605A609A60DA601A617047BC240020F4
:10522000014B1861704700BFBC2400200146054BAC
:105230001A460068496803C200229A60DA819A819E
:10524000704700BFBC24002070B505461C46424B89
:105250001B78DB09B3EBD11F1CD07CB1A7223F49DF
:105260003F4806F07FFD4FF0E023D3F8F03D13F008
:10527000010F00D000BE0024204670BD364C2146F0
:10528000FFF758FF23691BB12246032128469847A0
:105290000124F1E7304B93F90030002B0DDB2E4B4E
:1052A0009868002855D02F4E2246314607F0E0F985
:1052B00002222146304601F063FA274AD38913FAC5
:1052C00084F39BB2D381916821449160D288934248
:1052D00001D03F2C29D8204B186938B100F05EFA74
:1052E0001D4A1369022128469847A0B11A49284649
:1052F000FFF7E4FE04460028BED1D0221749184823
:1053000006F030FD4FF0E023D3F8F03D13F0010F2D
:10531000B2D000BEB0E700212846FEF74FF9802149
:105320002846FEF74BF90124A6E72846FFF7D4FEEE
:1053300004460028A0D1D8220849094806F012FDE9
:105340004FF0E023D3F8F03D13F0010F94D000BEEE
:1053500092E7002490E700BFBC24002060F400081E
:10536000F0E800087C2400200020704738B505468E
:10537000002408E0D21A1A4B03EB4213DB682846DC
:1053800098470134E4B2174B1B782246591CA142BE
:1053900015DBA342EED9144B1B6813EB4413EDD17C
:1053A00040F216221149124806F0DCFC4FF0E023CF
:1053B000D3F8F03D13F0010F10D000BE0EE00D4CFD
:1053C0002C220021204608F043F94FF0FF336360A0
:1053D000A360E36023616361A361E36138BD00BF43
:1053E00064F50008942500209825002010F5000899
:1053F000F0E80008A025002008B520B1044B18787B
:10540000FDF76CFF08BD024B1878FDF773FFF9E755
:105410001C00002070B506460D46002404E0315DF6
:10542000044806F09FFC0134AC42F8D3024807F070
:105430006BF870BD2CED000818EA000808B5FFF7FE
:1054400095FFFFF7E3FE08BD70B505460C4616460E
:105450004869FFF7E5FE2168044806F083FC6369AC
:10546000324601212846984770BD00BF34ED000840
:105470002DE9F04F83B08246481EC0B205F0CCFB48
:1054800018B102464378022B11D040F2C732664968
:10549000664806F067FC4FF0E023D3F8F03D13F0C8
:1054A000010F00D000BE002003B0BDE8F08FC0792E
:1054B000C0F340155E490C7865F304140C70C0F31A
:1054C0008010E4B260F345140C7002F109085188B1
:1054D0000A44009201937FE098F803B098F80030F6
:1054E000984483E040F2E2324F49504806F03AFCDB
:1054F0004FF0E023D3F8F03D13F0010F00D000BED1
:105500000020D1E7A9EB03034A4D05EB43152B69B6
:105510003A46414650469847082801D987421ED24C
:105520000134E4B2444B1B78A1465A1CA2424EDB24
:10553000A342E7D9414B1D6815EB4415E7D140F272
:10554000EB323949394806F00DFC4FF0E023D3F82F
:10555000F03D13F0010F00D000BE0020A4E7064686
:105560002968374806F0FEFBBBF1010F11D000227D
:10557000934525D998F802301344DBB22C491944DD
:105580000979FF290CD12A490B441C710132D2B28E
:10559000EEE72A692B4B9A42E9D1DDF804B0E6E741
:1055A00040F20A422049214806F0DCFB4FF0E0239C
:1055B000D3F8F03D13F0010F00D000BE002073E7D8
:1055C000234632464146204801F0BAF8B0441A4B0F
:1055D0001B780133994514DC009B984521D298F83B
:1055E00001300B2B3FF478AF4FF0010B98F80130EE
:1055F000042B7FF477AF009BA3EB0807BFB2002416
:1056000090E740F219420849084806F0ABFB4FF01A
:10561000E023D3F8F03D13F0010F00D000BE0020CE
:1056200042E7012040E700BFE4F40008F0E800088A
:10563000A025002064F5000894250020982500206E
:105640004CED000819400008B42500207047704751
:1056500000207047002070470020704770B5064654
:105660000C4649880A0ACDB2531E0E2B7CD8DFE8BF
:1056700003F008335E7B7B6E337B7B7B7B7B7B7BAA
:1056800025003E4806F040FF05F0C2FA024628B168
:10569000122321463046FFF763FD66E040F22B42BD
:1056A0003749384806F05EFB4FF0E023D3F8F03D71
:1056B00013F0010F00D000BE002056E0324806F083
:1056C00023FFFFF7C5FF024600284FD0438821463D
:1056D0003046FFF745FD48E0022A0ED02B4806F081
:1056E00013FF2846FFF7B8FF0246002840D0538832
:1056F00021463046FFF734FD37E02946244806F0BE
:1057000031FB284605F088FA02460028EFD140F226
:1057100052421B491B4806F025FB4FF0E023D3F80B
:10572000F03D13F0010F00D000BE00201DE029461F
:10573000184806F017FBA188284605F071FA0246C2
:10574000C0B1037821463046FFF70AFD0DE012484C
:1057500006F0DAFEFFF77EFF024668B103782146C5
:105760003046FFF7FDFC00E0002070BD0020FCE7A4
:105770000020FAE70020F8E70020F6E75CED0008DB
:10578000CCF40008F0E8000868ED000888ED000897
:1057900070ED0008A4ED0008B4ED000808B5002382
:1057A00008E0891A0D4A02EB41125169814210D07A
:1057B0000133DBB20A4A1278194602F1010C9C450A
:1057C0000BDB9A42EDD9074A126812EB4312ECD177
:1057D000EEE71168044806F0C5FA08BD64F5000854
:1057E0009425002098250020C8ED0008024B587829
:1057F000003818BF01207047A0250020024B187800
:10580000C0F38000704700BFA0250020024B18782D
:10581000FF3818BF012070471C000020F8B506466D
:10582000FFF7F4FF074608B13846F8BD00223146BD
:105830002F4806F097FA2C212E4806F093FA0C21F7
:105840002D4806F08FFA0C212C4806F08BFA142113
:105850002B4806F087FA2C2200212A4807F0F8FE90
:10586000294B00221A70294C2046FEF750FA043CBE
:10587000274B1C60274B23B12748AFF30080274BF1
:10588000186000240DE0D21A254D05EB42156B6817
:10589000A3B12968234806F065FA6B68984701347C
:1058A000E4B21D4B1B782246591CA14215DBA342D2
:1058B000E9D91A4B1D6815EB4415E8D14FF4F17284
:1058C00019491A4806F04EFA4FF0E023D3F8F03D9C
:1058D00013F0010FA8D000BEA6E7154B1E7030468E
:1058E000FDF72CFD3046FDF7F9FC01279CE700BFD2
:1058F000E0ED000810EE000830EE00084CEE000865
:1059000068EE0008A02500209C2500201000002043
:10591000D0240020000000009425002098250020BD
:1059200064F500088CEE000834F50008F0E8000883
:105930001C000020F0B585B005460E464378023BBA
:10594000042B15D8DFE813F005005C002D003800AB
:10595000D100714B1A7822F001021A701A7822F0E5
:1059600002021A70002159701A7861F382021A70CB
:105970006A4B1F6816B93B68002098472946381DB6
:10598000FEF798F9044616B93B6801209847002CA9
:1059900000F0B180324669782878FFF757FE05B0ED
:1059A000F0BD5D4B1B7813F0010FF8D05A4A137805
:1059B00043F004031370DBE7574B1B7813F0010F20
:1059C000EDD0554A137823F004031370D0E7D21AB0
:1059D000534B03EB4213DB6913B16968287898478E
:1059E0000134E4B24F4B1B782246591CA14209DB1B
:1059F000A342ECD94C4B1B6813EB4413EBD1EFE7FC
:105A00000024EFE7444B1B7813F0040F25D0424AE3
:105A1000137823F00403137000230193029303937C
:105A20002B788DF8043005238DF805303B4B1F682B
:105A300016B93B680020984701A9381DFEF73AF9CE
:105A4000044616B93B68012098477CB332469DF85E
:105A500005109DF80400FFF7F9FD2F4BDB7813F0DC
:105A6000010F9CD000230193029303932B788DF8B0
:105A7000043003238DF805306B680293274B1D68B3
:105A800016B92B680020984701A9281DFEF712F9C6
:105A9000044616B92B6801209847B4B132469DF8E8
:105AA00005109DF80400FFF7D1FD78E74FF4AD72C3
:105AB0001E491F4806F056F94FF0E023D3F8F03D99
:105AC00013F0010FC9D000BEC7E74FF4AD721749FC
:105AD000174806F047F94FF0E023D3F8F03D13F0F4
:105AE000010F3FF45CAF00BE59E7124A137801334F
:105AF000DBB213703CE74FF4AD720C490C4806F072
:105B000031F94FF0E023D3F8F03D13F0010F3FF4EB
:105B100046AF00BE43E700BFA0250020D0240020F0
:105B200064F500089425002098250020C0F40008A2
:105B3000F0E800089C25002070B51A4B1E788B7881
:105B400003F07F03052B0ED80C46174B997820469F
:105B500000F07EFD0546B0B121463046FDF760FC01
:105B60000546284670BD40F2FC421049104806F038
:105B7000F9F84FF0E023D3F8F03D13F0010F00D017
:105B800000BE0025EDE740F2FD420849084806F056
:105B9000E9F84FF0E023D3F8F03D13F0010FE0D027
:105BA00000BEDEE71C000020A02500209CF40008B9
:105BB000F0E800082DE9F84F80460C4616461F46CF
:105BC000DDF82890DDF82CA0002526E04FF49B623C
:105BD0001F49204806F0C6F84FF0E023D3F8F03D07
:105BE00013F0010F00D000BE4FF0000B5846BDE887
:105BF000F88F40F2D9421649164806F0B3F84FF034
:105C0000E023D3F8F03D13F0010FEFD000BEEDE735
:105C10008AF8003023781C440135AE4214DD6378E5
:105C2000052BD3D1E17801F00301B942CED1214651
:105C30004046FFF781FF83460028DAD0A378DA09CF
:105C4000E6D189F80030E5E74FF0010BCEE700BF61
:105C5000ACF40008F0E8000808B501F07F035B0031
:105C600003EBD113203300210248184400F0C0FC9C
:105C700008BD00BFA025002008B501F07F035B0030
:105C800003EBD113203300210248184400F0CDFC6F
:105C900008BD00BFA02500202DE9F8430C4616469C
:105CA0001D462A4B93F8009001F07F08CF092A4641
:105CB000274806F057F8274800EB4800384490F88A
:105CC000203013F0010F14D1224B03EB48033B4467
:105CD00093F8202042F0010283F820202B46324620
:105CE00021464846FDF718FC044690B12046BDE821
:105CF000F88340F22A521849184806F033F84FF05A
:105D0000E023D3F8F03D13F0010F00D000BE0024D3
:105D1000ECE7104B03EB48033B4493F8202022F0C0
:105D2000010283F8202093F8202022F0040283F857
:105D300020200B4806F0E8FB4FF0E023D3F8F03DBD
:105D400013F0010FD2D000BED0E700BF1C0000202E
:105D500098EE0008A02500208CF40008F0E8000868
:105D6000BCEE000801F07F02044B03EB420303EB9F
:105D7000D11191F8200000F001007047A02500200B
:105D8000F8B50C460E4B1F7801F07F06CD090D4883
:105D900005F0E8FF21463846FDF710FC0A4B03EBFF
:105DA00046032B4493F8202042F0020283F820207F
:105DB00093F8202042F0010283F82020F8BD00BFB4
:105DC0001C000020C4EE0008A0250020F8B50C46F9
:105DD0000E4B1F7801F07F06CD090D4805F0C2FF7C
:105DE00021463846FDF7F0FB0A4B03EB46032B44F4
:105DF00093F8202022F0020283F8202093F820203C
:105E000022F0010283F82020F8BD00BF1C00002012
:105E1000D8EE0008A025002001F07F02044B03EB20
:105E2000420303EBD11191F82000C0F3400070470A
:105E3000A02500202DE9F04182B006460C46002046
:105E4000FFF7EEF9237803F06003602B28D0402B96
:105E500039D013B963780C2B3FD9237803F01F0393
:105E6000012B00F01C81022B00F05D81002B40F023
:105E7000F181237803F06003202B3BD0002B5AD113
:105E80006378092B00F20081DFE813F0EB00D80003
:105E9000FE00C500FE005F00BF00FE006E007B003C
:105EA00040F2C522B149B24805F05CFF4FF0E02353
:105EB000D3F8F03D13F0010F00D000BE00252846B6
:105EC00002B0BDE8F081AB48FFF7AAF922460121F4
:105ED0003046FFF749FA0546F1E7A74A52F8231082
:105EE000A64805F03FFF6378062BB6D0A44806F01D
:105EF0000BFBB2E7A388DBB20F2B00F2B581A14AFE
:105F000013441B79A04A1278934206D29F4A116823
:105F100011EB431109D10025D1E7511C9942C0F280
:105F2000A5819B1A9A4901EB431122463046FFF79F
:105F30008BFA0546C3E74FF0E023D3F8F03D13F0AA
:105F4000010F00D000BE0025B9E72046FFF76EF92B
:105F50006188C9B23046FDF71DFB8A4A137843F0C9
:105F6000020313700125AAE7864B5B788DF8063093
:105F700001230DF1060221463046FFF7F1F8012515
:105F80009DE76588EDB27F4B5B78DBB2AB4236D0E4
:105F90007C4B5B785BB97B4B5D7075B329463046B3
:105FA000FFF766FA0546B0B104F06EFE27E0754FC4
:105FB0007978784805F0D6FE00213046FDF71AFAC8
:105FC0003046FDF751FA97F802803046FFF7CEF9D8
:105FD00087F80280DFE740F215326449644805F033
:105FE000C1FE4FF0E023D3F8F03D13F0010F00D0D5
:105FF00000BE644B00225A7061E704F046FE214661
:106000003046FFF799F8012559E721463046FFF75A
:1060100025FB054653E76388012B01D000254EE799
:106020005D4806F071FA574A137843F0080313707D
:1060300021463046FFF780F8012540E76388012BB1
:1060400001D000253BE7554806F05EFA4D4A13782B
:1060500023F00803137021463046FFF76DF8012541
:106060002DE7484B1A78930803F00203C2F340125D
:106070001343ADF8063002230DF1060221463046E7
:10608000FFF76EF801251AE74FF0E023D3F8F03D53
:1060900013F0010F00F0EC8000BE00250FE7A3888D
:1060A000DBB20F2B00F2E680364A13441B79364AE6
:1060B0001278934222D2354A116811EB431100F055
:1060C000DB8022463046FFF7BFF9054600287FF403
:1060D000F6AE237813F0600F7FF4F1AE63780A3BDD
:1060E000012B3FF6ECAEFFF79BF863780A2B0ED03E
:1060F00021463046FFF720F80125E0E6511C994281
:10610000C0F2BC809B1A224901EB4311D9E700235E
:106110008DF8063001230DF1060221463046FFF7C7
:106120001FF80125CBE6A388D9B203F07F00C3F3A3
:10613000C013052834D8134A02EB400213441B7DD8
:10614000114A127893423BD2104A156805EB431569
:10615000237813F0600F3DD0002D00F0918022468F
:1061600029463046FFF770F90546A8E6F8F400081E
:10617000F0E8000869530008C4F50008F4EE0008D0
:1061800018EA0008A025002094250020982500206A
:1061900064F50008FCEE000834EF000850EF00083A
:1061A00040F2863239493A4805F0DCFD4FF0E023F1
:1061B000D3F8F03D13F0010F00D000BE00257EE6BD
:1061C000501C984204DB9B1A324D05EB4315BFE788
:1061D0000025BDE76378012B10D0032B0ED07BBBCD
:1061E0003046FFF719FEADF8060002230DF1060256
:1061F00021463046FEF7B4FF012560E6628822B9E9
:10620000012B19D03046FFF7BBFD002D3AD02246B6
:1062100029463046FFF718F90020FFF701F81E4B1A
:1062200093F8215015F001057FF449AE2146304620
:10623000FEF782FF012542E63046FFF7C7FDE4E79F
:106240004FF0E023D3F8F03D13F0010F00D000BE73
:10625000002534E64FF0E023D3F8F03D13F0010FB2
:1062600012D000BE00252AE6002528E6002526E6F5
:10627000002524E6002522E6002520E600251EE66E
:1062800000251CE601251AE6002518E6F8F40008AA
:10629000F0E8000864F50008A025002070B584B07F
:1062A000FFF7B4FA48BB04B070BDA04806F02CF963
:1062B00038E09F499F4805F055FD9DF80530013BAA
:1062C000072B00F22881DFE813F0080035001901E0
:1062D000EA0000013F0093000F019DF80820964B53
:1062E00053F82210954805F03DFD9DF80400FFF796
:1062F000A5F89DF80820924B9A70924B1D682C4689
:1063000054F8043B0020984701A92046FDF7B6FC4D
:1063100004462B6801209847002CC4D09DF8053016
:10632000062BC2D09DF80530082BC2D8864A52F8F9
:106330002310BFE77D4806F0E7F89DF80400FFF75B
:106340007DF804F0A2FCD8E7804B1B787BB17F4C32
:106350002378013BDBB2237008210DEB0100FFF72E
:1063600059F8237893B17A4806F0CEF8C5E740F2A1
:1063700056227849784805F0F5FC4FF0E023D3F831
:10638000F03D13F0010F8ED000BE8CE76C4B1A78F5
:1063900042F001021A7093F8202022F0010283F8E3
:1063A000202093F8202022F0040283F8202093F884
:1063B000212022F0010283F8212093F8212022F0ED
:1063C000040283F8212002A99DF80400FFF732FDA2
:1063D000002892D1614806F097F800219DF804004A
:1063E000FDF7ECF880219DF80400FDF7E7F884E75D
:1063F0009DF8084004F07F05E609039A21465848B5
:1064000005F0B0FC4E4B03EB4503334493F82020DA
:1064100022F0010283F8202093F8202022F00402C9
:1064200083F82020D5B1464B03EB450333441B7D55
:106430004C4A127893421AD24B4A156815EB431511
:106440001DD02968494805F08DFCAD69039B9DF876
:10645000092021469DF80400A8474EE7039B9DF8BC
:10646000092021469DF80400FEF7EEFE45E7511C89
:10647000994204DB9B1A3E4D05EB4315E1E740F2E0
:1064800081223449344805F06DFC4FF0E023D3F805
:10649000F03D13F0010F3FF406AF00BE03E7284BB9
:1064A0001B7813F0010F0CD0254C2178C1F3C001EB
:1064B000304805F057FC2078C0F3C00004F0E6FB3C
:1064C0001BE72D4806F020F817E71D4B1B7813F04B
:1064D000010F05D0154806F017F804F0D8FB0CE7BB
:1064E000254806F011F808E7104806F00DF8029B61
:1064F000002B3FF402AF03989847FEE6104BDB7881
:1065000013F0010F3FF4F9AE084805F0FDFF0298C3
:10651000FFF79DF8F1E64FF0E023D3F8F03D13F0DC
:10652000010F3FF4EAAE00BEE7E600BF18EA00083C
:106530006CEF000878EF0008F8F5000884EF000819
:10654000A0250020D024002040F500089C25002034
:1065500094EF000824F50008F0E80008C4EF0008F4
:10656000D4EF00089425002098250020F0EF0008C3
:1065700064F5000808F0000820F0000870B5064631
:106580000D460B4805F0EEFB002403E005F0D2FDBC
:106590000134A4B2AC4207D2305D064B1B5C13F051
:1065A000970FF3D12E20F1E7034805F0ADFF70BD42
:1065B0008CF0000858FC000890F0000810B500208E
:1065C000FFF72CF9044608B1204610BD31220649D8
:1065D000064805F0C7FB4FF0E023D3F8F03D13F079
:1065E000010FF1D000BEEFE7B8F50008F0E80008B1
:1065F0000246037813F0010013D11378C3F380012E
:1066000013F0040F10D1137813F001000BD113789D
:1066100013F0040F08D1137843F004031370012022
:106620007047002070470846704703460278C2F35F
:10663000800012F0040F00D170471A7812F0010F99
:1066400004D11A7822F004021A7070470020F3E790
:1066500070B504460E468588C5F30A052A4681783A
:10666000344805F07FFBE37803F00303022B1DD0D1
:10667000032B44D0012B5BD1022E05D040F2FF3317
:10668000AB4204D3012054E04FF48063F8E790223A
:1066900029492A4805F066FB4FF0E023D3F8F03D86
:1066A00013F0010F00D000BE002042E0022E03D004
:1066B000402D15D801203CE0B5F5007F01D1012027
:1066C00037E097221C491D4805F04CFB4FF0E023B2
:1066D000D3F8F03D13F0010F00D000BE002028E0F9
:1066E0009A221549154805F03DFB4FF0E023D3F8F9
:1066F000F03D13F0010F00D000BE002019E0022E83
:1067000004D04023AB4204D3012012E04FF4806355
:10671000F8E7A0220849094805F024FB4FF0E023E0
:10672000D3F8F03D13F0010F00D000BE002000E0D0
:10673000002070BD94F00008A4F50008F0E80008FF
:106740002DE9F04180460C461F468D1801E0217866
:106750000C44AC420FD261780529F8D1A6783A46AC
:106760003146064805F0FEFA06F07F0308EB4303C6
:10677000F6099F55EBE7BDE8F08100BFB4F00008D3
:106780002DE9F04383B060B189461646804641B199
:106790002A4B009300258DF8045032238DF80230E7
:1067A00021E0274805F0B0FE44E01021A8F11000D8
:1067B000FFF7E4FE1FE0202005F0BCFC0134E4B24A
:1067C000B442F8D325F070411E4805F0CBFA18F812
:1067D000013B63F30707202005F0ACFC394668460F
:1067E00005F0C0FA01354D4507D2002715F00F0F0F
:1067F000EDD1002DD9D10024E2E719F00F0913D013
:106800005FFA89F6002506E0202005F093FC0134AC
:10681000012CF9DD0135C9F11003AB4205D9202067
:1068200005F088FC0024F3E710263146A8EB0600AB
:10683000FFF7A4FE03B0BDE8F08300BF2530305859
:10684000D8F00008E0F0000800B585B00023009300
:106850000193029303933548354A02604FF4803226
:106860004260836001220261037680F82030C362B7
:1068700030498162C3600621C16180F830204361E4
:1068800000F024FA00283BD1042300930123019354
:10689000072302936946254800F0E4FB002832D123
:1068A00005230093022301936946204800F0DAFB98
:1068B00060BB062300930323019369461B4800F045
:1068C000D1FB30BB0723009304230193694617488B
:1068D00000F0C8FB00BB1023009305230193694619
:1068E000124800F0BFFBD0B9112300930623019397
:1068F00069460E4800F0B6FBA0B905B05DF804FB90
:10690000FAF7A6F9C0E7FAF7A3F9C9E7FAF7A0F989
:10691000CFE7FAF79DF9D5E7FAF79AF9DBE7FAF747
:1069200097F9E1E7FAF794F9E7E700BF2C26002092
:10693000002001400100000F30B589B0002303930F
:106940000493059306930793026803F1804303F5CC
:1069500090339A4201D009B030BD0446002501951C
:1069600003F58C335A6C42F480725A645A6C02F408
:1069700080720192019A02951A6B42F001021A6329
:106980001B6B03F001030293029BF0230393032389
:10699000049303A91448FAF7C9FE1448144B036082
:1069A00045608560C5604FF4806303614FF4805398
:1069B00043614FF4804383614FF48073C361056288
:1069C0004562FBF723F858B9084BA3639C63002288
:1069D00011461220FBF70AFA1220FBF717FABAE762
:1069E000FAF736F9F0E700BF00000240CC2500209E
:1069F0001064024010B586B0002301930293039304
:106A00000493059300932348234A026043607F2246
:106A10008260FF22C26003614361836100F040FC39
:106A200070BB00211B4800F095FD1C4B984225D0FF
:106A3000184C1A460021204600F087FD00238DF8EF
:106A400004308DF805308DF806300493059301224B
:106A500001A9204600F07EFCA8B905238DF800307E
:106A60008DF8013012238DF8023099238DF8033010
:106A700001226946074800F0CDFC38B906B010BDC8
:106A8000FAF7E6F8CDE7FAF7E3F8E6E7FAF7E0F821
:106A9000F4E700BF7426002000280040FECADABADE
:106AA00000B587B0002301930293039304930593E9
:106AB00002680B4B9A4202D007B05DF804FB022338
:106AC00001934FF48073049301A8FAF779FD20B97C
:106AD000044B0122C3F83C2EEEE7FAF7B9F8F7E7CA
:106AE000002800400000474200B587B00023029311
:106AF000039304930593009301931548154A02608C
:106B000042F2CF02426083606322C260036183610C
:106B1000FBF782FB90B94FF48053029302A90C4813
:106B2000FBF7B3FB68B9002300930193694608485B
:106B3000FBF72AFC40B907B05DF804FBFAF788F8C8
:106B4000E9E7FAF785F8EEE7FAF782F8F3E700BF2E
:106B500094260020000C004002680E4B9A4200D0A0
:106B6000704700B583B00021019103F50B331A6C17
:106B700042F008021A641B6C03F008030193019BA6
:106B80000A463220FBF732F93220FBF73FF903B017
:106B90005DF804FB000C00404A4B5A6822F4403276
:106BA0005A605A6841680A435A600268536823F47D
:106BB0008073536002685368016943EA012353609C
:106BC0000268536823F04073536002685368816819
:106BD0000B4353600268936823F400639360026878
:106BE0009368C1680B439360826A374B9A4257D0CF
:106BF0000268936823F07063936002689368816A07
:106C00000B4393600268936823F0405393600268DB
:106C10009368C16A0B4393600268936823F0020390
:106C2000936002689368017E43EA4103936090F8A1
:106C30002030002B3FD00268536843F40063536058
:106C40000268536823F46043536001684B68426AEA
:106C5000013A43EA42334B600268D36A23F470037B
:106C6000D3620168CB6AC269013A43EA0253CB623C
:106C70000268936823F4007393600268936890F845
:106C8000301043EA412393600268936823F48063E1
:106C9000936002689368416943EA81239360704777
:106CA0000268936823F0706393600268936823F02E
:106CB00040539360B0E70268536823F40063536065
:106CC000CAE700BF002301400100000F38B310B530
:106CD0000446036C43B1236C13F0100F0BD001205A
:106CE000002384F83C3010BDFFF726FE00236364C8
:106CF00084F83C30EFE7236C23F4885323F002033D
:106D000043F0020323642046FFF746FF002060643F
:106D1000236C23F0030343F001032364E0E7012025
:106D20007047000010B582B013460022019290F81F
:106D30003C20012A00F094800446012280F83C2087
:106D40000268906810F0010F13D1906840F00100C4
:106D50009060464A1068464AA2FB0020800C00EB77
:106D60004000019002E0019801380190019800284C
:106D7000F9D12268906810F4807F03D0906820F4E5
:106D8000807090602268906810F0010F5DD0206CD8
:106D900020F4E06020F0010040F48070206452682C
:106DA00012F4806F05D0226C22F4405242F48052DB
:106DB0002264226C12F4805F34D0626C22F00602EE
:106DC0006264002284F83C20A26B2A48D063A26B44
:106DD00029481064A26B2948D06422686FF0220011
:106DE00010602068426842F08062426020688268D9
:106DF00042F48072826020680A4600F14C01A06B68
:106E0000FAF76AFE1E4B5B6813F01F0F0DD1236863
:106E10009A6812F0405F25D19A6842F080429A60E9
:106E200000201BE000226264CBE72368154A9342EE
:106E300001D0002012E09A6812F0405F14D19A68E5
:106E400042F080429A60002008E0236C43F0100377
:106E50002364636C43F001036364002002B010BD3F
:106E60000220FBE70020F9E70020F7E70000002000
:106E700083DE1B43F16F00088B6E0008DB6F000898
:106E80000023014000200140704708B5806BFFF7E8
:106E9000FBFF08BD7047704770B5044603681E6865
:106EA0005D6816F0020F2FD005F0200262B3026C6D
:106EB00012F0100F03D1026C42F4007202649A685F
:106EC00012F0405F19D1227EBAB9DA6A12F4700F5B
:106ED00003D09A6812F4806F0FD15A6822F0200212
:106EE0005A60236C23F480732364236C13F4805F53
:106EF00003D1236C43F001032364204604F02AFAF3
:106F000023686FF012021A6005F0800316F0040F78
:106F100037D0002B35D0236C13F0100F03D1236C26
:106F200043F40053236423689A6812F4401F21D16C
:106F30009A6B12F4401F03D09A6812F4806F19D133
:106F40005A6812F4806F15D19A6812F0405F11D11F
:106F5000227E7AB95A6822F080025A60236C23F4A8
:106F600080532364236C13F4807F03D1236C43F09C
:106F700001032364204600F03FF923686FF00C0200
:106F80001A6005F0400316F0010F05D023B1236805
:106F90001B6813F0010F06D105F0806516F0200F75
:106FA00000D065B970BD236C43F480332364204660
:106FB000FFF770FF23686FF001021A60ECE7636C63
:106FC00043F00203636423686FF020051D602046D0
:106FD000FFF761FF23681D60E4E708B5806B40237D
:106FE0000364436C43F004034364FFF754FF08BD9C
:106FF00008B50346806B026C12F0500F25D1036C6C
:1070000043F40073036403689A6812F0405F19D177
:10701000027EBAB9DA6A12F4700F03D09A6812F4D9
:10702000806F0FD15A6822F020025A60036C23F45B
:1070300080730364036C13F4805F03D1036C43F02B
:107040000103036404F086F908BD026C12F0100F0E
:1070500004D1826BD26C18469047F5E7FFF71BFF0F
:10706000F2E7000030B482B00022019290F83C2098
:10707000012A00F0B6800346012280F83C200A680D
:10708000092A40D90468E06892B202EB42021E3A33
:107090004FF0070C0CFA02F220EA0202E2601C68D0
:1070A000E0680A8802EB42021E3A8D6805FA02F295
:1070B0000243E2604A68062A3CD81C68606B02EB17
:1070C0008202053A4FF01F0C0CFA02F220EA02028B
:1070D00062631C68606B4A6802EB8202053AB1F891
:1070E00000C00CFA02F20243626318683E4A904202
:1070F00050D018683C4A904255D0002083F83C009C
:1071000002B030BC70470468206992B202EB4202C0
:107110004FF0070C0CFA02F220EA020222611C680E
:1071200020690A8802EB42028D6805FA02F20243E6
:107130002261BFE70C2A16D81D68286B02EB820279
:10714000233A1F2404FA02F220EA02022A631D688D
:10715000286B4A6802EB8202233A0C8804FA02F296
:1071600002432A63C1E71D68E86A02EB8202413AE2
:107170001F2404FA02F220EA0202EA621D68E86AA9
:107180004A6802EB8202413A0C8804FA02F2024396
:10719000EA62AAE70A68122AABD11448426842F4AC
:1071A00080024260A5E70A68103A012AA5D80F4874
:1071B000426842F4000242600A68102A9DD10C4ADB
:1071C00012680C49A1FB0212920C02EB82025200DF
:1071D000019202E0019A013A0192019A002AF9D142
:1071E0008BE702208CE700BF002001400023014014
:1071F0000000002083DE1B437047000038B50446C2
:1072000003680A4ADA60FAF765FE05462368DB6818
:1072100013F0200F07D1FAF75DFE401BB0F57A7F1F
:10722000F4D9032000E0002038BD00BF5F3F01001B
:1072300070B50368DA6812F0400F02D000252846C6
:1072400070BD0446DA6842F08002DA60FAF742FE66
:10725000064600252368DB6813F0400FEFD1002DB0
:10726000EDD1FAF737FE831BB3F57A7FF2D9042309
:1072700063770125EEE70268D36823F08003D360CB
:1072800003689B6813F0200F01D00020704710B5F1
:107290000446FFF7B3FF10B104236377012010BD4C
:1072A00000284AD010B50446437F53B102236377C8
:1072B0002368DA6812F0100F07D0002001236377EB
:1072C00010BD0377FFF7ECFBF0E7CA225A62236890
:1072D00053225A622046FFF7ABFF28B12368FF22F2
:1072E0005A620028ECD1E9E72268936823F4E003AE
:1072F00023F04003936021688A6863682069034330
:107300006069034313438B602368E2681A61226853
:107310001369A16843EA014313612046FFF7ABFFFD
:107320000028DBD12268136C23F4802313642268C5
:10733000136CA1690B431364D0E70120704700234D
:1073400002E001330A38C0B20928FAD81B01DBB2C7
:1073500018437047037F012B5AD070B504460E4680
:10736000012303770223437732BB03689B6813F042
:10737000400F01D10023CB703078FFF7E0FF050408
:107380007078FFF7DCFF45EA0025B078FFF7D7FFFC
:107390000543F37845EA83552368CA225A62236875
:1073A00053225A622046FFF743FFB8B12368FF22F9
:1073B0005A620023237770BD03689B6813F0400F67
:1073C00001D10023CB70337875782D0245EA03454F
:1073D000B3781D43F37845EA8355DDE7236805F06C
:1073E0007F3525F0FE451D602268936823F48023D5
:1073F000936021688B68F2683069024313438B60A5
:107400002046FFF738FF0028D0D101236377CDE76E
:1074100002207047037F012B48D070B504460E460A
:107420000123037702234377CAB1CB784D782D022D
:1074300045EA03458B781D430B7845EA43352368BD
:10744000CA225A62236853225A622046FFF7F0FE8E
:10745000F0B12368FF225A620023237770BD4B7876
:1074600013F0100F03D003F0EF030A334B70F078E2
:10747000FFF765FF05047078FFF761FF45EA002517
:10748000B078FFF75CFF0543337845EA4335D6E72C
:10749000236825F07F4525F0C0055D602046FFF795
:1074A000EAFE0028D5D101236377D2E70220704796
:1074B000030903EB830300F00F0000EB4300C0B2AD
:1074C000704770B503689B6A4B6003681B69C3F320
:1074D0000E038B6003681B68C3F305400870C3F399
:1074E00006264E7003F07F058D70C3F38053CB707A
:1074F0005AB90C46FFF7DCFF20703046FFF7D8FF83
:1075000060702846FFF7D4FFA070002070BD70B5F2
:1075100003685B68C3F30740C870C3F304264E706A
:1075200003F03F058D70C3F342330B705AB90C461C
:10753000FFF7BEFFE0703046FFF7BAFF60702846E5
:10754000FFF7B6FFA070002070BD0368503343F80A
:10755000212070470368503353F821007047000022
:10756000064B074A1A6000225A609A60DA601A6174
:107570004FF480425A6108229A617047DC2600204D
:10758000002C01402DE9F04389B0002303930493BC
:1075900005930693079302682D4B9A4202D009B0D7
:1075A000BDE8F0830024009403F586335A6C42F45E
:1075B00000625A645A6C02F400620092009A0194CC
:1075C0001A6B42F004021A631A6B02F00402019271
:1075D000019A02941A6B42F008021A631B6B03F0C3
:1075E00008030293029B4FF48073039302270497CE
:1075F0004FF00108CDF81480032606960C25079558
:10760000DFF854900DEB05014846FAF78FF84FF478
:107610008053039304970594069607950DEB050197
:107620004846FAF783F8042303930497CDF81480AF
:10763000069607950DEB05010648FAF777F82246FE
:1076400021463120FAF7D2FB3120FAF7DFFBA6E71B
:10765000002C0140000C02400008024008B503491C
:10766000034802F08DFB034B187008BD6027002013
:10767000D0FA00086427002010B586B0124C002212
:1076800069462046FFF71DFF002205A92046FFF7A7
:107690003EFF9DF8172014329DF815305B0543EA34
:1076A00042639DF8162043EA02439DF8002043EA16
:1076B000C2239DF8012043EA42139DF8020043EAE9
:1076C000500006B010BD00BF742600200B4B1B6895
:1076D0000B4AA2FB03235B0A41F2883202FB03F34D
:1076E0001A46013B3AB1426B12F0800FF8D0C52325
:1076F0008363002070474FF0004070470000002077
:10770000D34D621084B00DF1040C8CE80E000B46D2
:107710001343039A1343049A1343059A1343069A97
:107720001343426822F4FD4222F07F021343436078
:10773000002004B07047D0F8800070470B68C0F894
:1077400080300020704703230360002070470068EA
:1077500000F0030070470B6883604B688A6813432E
:10776000CA6813430A691343C2686FF30B021343D9
:10777000C360002070470069C0B2704714304058A1
:1077800070470B6843624B6883628B68CA68134317
:107790000A6913434A691343C26A22F0F70213438A
:1077A000C3620020704710B586B0044600230193E1
:1077B0000293039304934FF48063059301A9FFF7A9
:1077C000CAFF2046FFF782FF06B010BD38B5044659
:1077D0000D46504B1B685049A1FB03135B0A03FB8A
:1077E00002F21346013A002B5DD0636B13F0450F94
:1077F000F7D013F4006FF4D1636B13F0040F06D1CC
:10780000636B13F0010F05D00120A0634DE004204D
:10781000A0634AE0C523A3632046FFF7ACFFA8425C
:1078200001D0012041E000212046FFF7A7FF0346D9
:107830003A481840C8B3002B38DB13F0804F38D1DA
:1078400013F0005F37D113F0805F36D113F0006F73
:1078500036D113F0806F36D113F0807F36D113F418
:10786000000F36D113F4800F36D113F4001F36D138
:1078700013F4801F36D113F4802F36D113F4003F58
:1078800036D113F4803F36D113F4004F36D113F4C0
:10789000804F36D113F4005F36D113F0080F36D085
:1078A0004FF4000001E04FF0004038BD4FF0007091
:1078B000FBE74020F9E78020F7E74FF48070F4E71A
:1078C0004FF40070F1E74FF48060EEE74FF4006092
:1078D000EBE74FF48050E8E74FF40050E5E74FF452
:1078E0008040E2E74FF40040DFE74FF40030DCE790
:1078F0004FF48020D9E74FF40020D6E74FF48010F2
:10790000D3E74FF40010D0E74FF48000CDE74FF4F9
:107910008030CAE700000020D34D621008E0FFFD70
:1079200030B587B00446019110250295402303939A
:10793000002304934FF48063059301A9FFF70BFF25
:1079400041F2883229462046FFF740FF07B030BD9C
:1079500030B587B004460191112502954023039369
:10796000002304934FF48063059301A9FFF7F3FE0E
:1079700041F2883229462046FFF728FF07B030BD84
:1079800030B587B004460191122502954023039338
:10799000002304934FF48063059301A9FFF7DBFEF6
:1079A00041F2883229462046FFF710FF07B030BD6C
:1079B00030B587B004460191182502954023039302
:1079C000002304934FF48063059301A9FFF7C3FEDE
:1079D00041F2883229462046FFF7F8FE07B030BD55
:1079E00030B587B0044601911925029540230393D1
:1079F000002304934FF48063059301A9FFF7ABFEC6
:107A000041F2883229462046FFF7E0FE07B030BD3C
:107A100030B587B00446002301930C25029540221F
:107A2000039204934FF48063059301A9FFF793FE3B
:107A3000034A29462046FFF7C9FE07B030BD00BF04
:107A400000E1F50530B587B004460192072502959F
:107A500040230393002304934FF48063059301A90B
:107A6000FFF779FE41F2883229462046FFF7AEFE45
:107A700007B030BD30B587B0044601913725029577
:107A800040230393002304934FF48063059301A9DB
:107A9000FFF761FE41F2883229462046FFF796FE45
:107AA00007B030BD30B587B0044601910D25029571
:107AB00040230393002304934FF48063059301A9AB
:107AC000FFF749FE41F2883229462046FFF77EFE45
:107AD00007B030BD0146144B1B68144AA2FB0323B8
:107AE0005B0A41F2883202FB03F31A46013BBAB14A
:107AF0004A6B12F0450FF8D012F4006FF5D14B6BC2
:107B000013F0040F06D1486B10F0010005D1C52316
:107B10008B63704704208863704701208863704737
:107B20004FF00040704700BF00000020D34D6210AE
:107B300010B586B004460023019302220292C022AF
:107B4000039204934FF48063059301A9FFF703FEAA
:107B50002046FFF7BFFF06B010BD10B586B0044643
:107B6000019109230293C0230393002304934FF44C
:107B70008063059301A9FFF7EEFD2046FFF7AAFFFA
:107B800006B010BD0146104B1B68104AA2FB032330
:107B90005B0A41F2883202FB03F31A46013B82B1D1
:107BA0004A6B12F0450FF8D012F4006FF5D1486B14
:107BB00010F0040002D1C5238B6370470420886352
:107BC00070474FF00040704700000020D34D621016
:107BD00010B586B0044641F0004141F48011019196
:107BE0002923029340230393002304934FF48063DB
:107BF000059301A9FFF7AFFD2046FFF7C3FF06B0CD
:107C000010BD0000F8B505460E461746234B1B680D
:107C1000234AA2FB03235B0A41F2883202FB03F3EF
:107C20001A46013B8AB36C6B14F0450FF8D014F47C
:107C3000006FF5D16B6B13F0040F06D16B6B13F073
:107C4000010F05D00120A86321E00420A8631EE0F5
:107C50002846FFF790FDB04201D0012017E0C52370
:107C6000AB6300212846FFF789FD034610F460400E
:107C700008D013F4804F0BD113F4004F0BD04FF406
:107C8000805004E01B0C3B8001E04FF00040F8BD49
:107C90004FF40050FBE74FF48030F8E7000000207D
:107CA000D34D621070B586B004460D460023019393
:107CB000032602964022039204934FF480630593B7
:107CC00001A9FFF748FD2A4631462046FFF79AFFF3
:107CD00006B070BD0146164B1B68164AA2FB032373
:107CE0005B0A41F2883202FB03F31A46013BE2B120
:107CF0004A6B12F0450FF8D012F4006FF5D14B6BC0
:107D000013F0040F0BD14B6B13F001030AD1486B36
:107D100010F040000BD040228A63184670470420C0
:107D2000886370470120886370474FF000407047B8
:107D300000000020D34D621010B586B004464FF409
:107D4000D5730193082302934023039300230493E4
:107D50004FF48063059301A9FFF7FDFC2046FFF770
:107D6000B9FF06B010BD000008B5044B03EB80025C
:107D7000526852680344187A904708BD9029002041
:107D8000094B1B5C73B910B50446074B03EB80022B
:107D9000526812680344187A904710B9024B0122C6
:107DA0001A5510BD002070479029002038B5044CAA
:107DB00004EB80056D68AD680444207AA84738BD9F
:107DC0009029002038B5044C04EB80056D68ED68FF
:107DD0000444207AA84738BD9029002010B5044BF0
:107DE00003EB8004646824690344187AA04710BD3B
:107DF000902900204278007840EA02207047C3783A
:107E0000827842EA0322437843EA0223007840EA78
:107E1000032070470170090A417070470170C1F377
:107E200007234370C1F307438370090EC170704785
:107E3000944632B10A78013102700130BCF1010C74
:107E4000F8D1704701700130013AFBD17047844688
:107E50009CF800000CF1010C0B780131C01A013ABA
:107E600001D00028F4D07047034600E001331878B1
:107E700008B18842FAD1704730B400252B4601E0A2
:107E800001250133012B15D81A01174CA258002ADD
:107E9000F6D00468A242F4D1134A02EB03125468EC
:107EA00082689442EDD1104A02EB03129468426951
:107EB0009442E6D1022B0AD0A1B90B4A02EB03137C
:107EC0009B89B3F5807F0BD0002030BC70472DB963
:107ED000022901D01220F8E70020F6E70020F4E79D
:107EE0001020F2E71020F0E768290020002000E0D1
:107EF0000130012804D80301034AD358002BF7D1DD
:107F0000023818BF012070476829002070B4002390
:107F100000E00133012B13D81A01234CA458026846
:107F20009442F6D1204A02EB0312546882689442CC
:107F3000EFD11D4A02EB0312946842699442E8D1E2
:107F4000022B08D0F9B1184A02EB031292894ABBFE
:107F50004FF480721DE00023012B05D81A01124C4A
:107F6000A2580AB10133F7E7022B19D00E4D1C01BC
:107F700005EB031206682E518468546040699060D6
:107F800000209081DEE7084A02EB03129289013259
:107F900092B2054901EB03118A81581C70BC7047ED
:107FA0000020FBE70020F9E768290020002303E018
:107FB0005DF8044B70470133012B11D81A010949B0
:107FC0008A588242F7D110B41A0100248C50013330
:107FD000012BEDD81A0103498A588242F7D1F3E701
:107FE000704700BF6829002002398369023B8B4239
:107FF00004D94389C06A01FB030070470020704721
:108000000268C36A0433490A5289B1FBF2F101E004
:10801000091A0833186818B18142F9D2586808441F
:10802000704770B506460D4601F11A00FFF7E2FEF3
:108030003378032B00D070BD044605F11400FFF720
:10804000D9FE44EA0040F6E770B506460C461546F0
:1080500091B204F11A00FFF7DDFE3378032B00D054
:1080600070BD290C04F11400FFF7D4FEF8E70000FE
:108070002DE9F04180460E4601F11A00FFF7BAFEE5
:1080800050BB357825F04005013D05EB450305EB78
:1080900083050127002404E04FF6FF73984220D1A6
:1080A00001340C2C0DD8124B185D3044FFF7A2FEA2
:1080B000002FF1D0FE2D12D828F815000746013503
:1080C000EEE7337813F0400F0DD0FE2D0DD80023CE
:1080D00028F81530012000E00020BDE8F0810020E4
:1080E000FBE70020F9E70120F7E70020F5E700BFF4
:1080F00014F600082DE9F84380460F4691464B736D
:108100000F23CB7200240C73214607F11A00FFF7EE
:1081100081FE09F1FF3606EB460306EB8306254692
:1081200002E001340C2C11D84FF6FF739D4202D0AF
:1081300038F8165001360C4B185D29463844FFF7C5
:1081400069FE002DEDD14FF6FF75EAE74FF6FF739C
:108150009D4202D038F816300BB949F0400987F833
:108160000090BDE8F88300BF14F6000870B582B037
:10817000054616461C460B22FFF75AFE052C11D861
:1081800007231FE001310F290CD803F0010C0CEB81
:1081900044045B0814F4803FF4D084F4883484F001
:1081A0002104EFE73388002BEAD002360021EAE70A
:1081B0005A1E08336B4403F8081C21090F2C0AD9F6
:1081C00013460C4604F00F0202F130013929EFD9B1
:1081D00002F13701ECE77E2102F108036B4403F85A
:1081E000081C002300E00133934209D2E95C2029F6
:1081F000F9D105E02020591CE854072909D80B467D
:10820000072AF7D802F10801694411F8080C013275
:10821000F1E702B070BD01464FF00B0C0020C30126
:1082200043EA50030A78013152FA83F3D8B2BCF121
:10823000010CF4D17047000003685A1C02601B78DF
:108240001846A3F1610292B2192A02D8203B98B2D3
:1082500070477F2B02D9803B014AD05C704700BF3A
:1082600024F600082DE9F04184B007460191144638
:1082700098462646013C4EB101A8FFF7DDFF0028D5
:10828000F7D10026304604B0BDE8F0813B781BBB37
:10829000B8F1000F20D00126F4E73346324601E062
:1082A000334632460399481C03900C783F2C2AD061
:1082B000012349783F29F5D02A29F3D00299FFF705
:1082C000D1FF10BB029B1D7801A8FFF7B5FFB8F1E5
:1082D000000F1CD0002DD5D00397019B0293039B68
:1082E0001B783F2BDCD02A2BD7D003A8FFF7A4FFA5
:1082F000044602A8FFF7A0FF05468442E4D1002C03
:10830000EDD10126BEE70132D3E70126BAE74646A2
:10831000B8E70146006838B1024613781F2B06D92A
:108320003A2B04D00132F8E74FF0FF3070473A2B78
:1083300001D00020704710B4034613F8010B303809
:10834000092808D89A4202D04FF0FF3005E038B92A
:1083500001320A6001E04FF0FF305DF8044B7047D6
:108360004FF0FF30F9E738B50D46044698B1036881
:108370009BB11A78A2B18188DA88914203D0092092
:1083800000242C6038BD5878FFF7EEFC10F0010097
:1083900009D12468F5E70920F3E71C460920F0E736
:1083A00009200024EDE709200024EAE72DE9F04147
:1083B000C57815B92846BDE8F0810446076B00F181
:1083C000340801233A4641464078FFF7FBFC054656
:1083D000A0B90023E370636AFB1AE2699342E9D211
:1083E000A67808E0E3691F4401233A4641466078D5
:1083F000FFF7E8FC013E012EF4D8DBE70125D9E7C1
:1084000070B5036B8B4202D10026304670BD044626
:108410000D46FFF7CBFF06460028F6D101232A467A
:1084200004F134016078FFF7C1FC10B101264FF070
:10843000FF352563E9E7000038B504460023C37023
:108440004FF0FF330363FFF7DBFF30BB054604F259
:108450003220FFF7CFFC4AF6552398421FD194F8FB
:108460003430E92B07D0636B03F0FF130D4A9342BE
:1084700001D0022514E004F16A00FFF7C0FC20F0EF
:108480007F40094B98420BD004F18600FFF7B7FC00
:10849000064B984204D0022502E0042500E00325A3
:1084A000284638BDEB009000464154004641543305
:1084B0002DE9F04F85B00D46164600230B60FFF7FF
:1084C00028FF071EC0F24681B64B53F82740002C08
:1084D00000F045812C6006F0FE06237873B16078C9
:1084E000FFF742FC10F0010508D1002E00F03381A7
:1084F00010F0040F00F02F810A252CE100232370D7
:10850000F8B26070FFF73CFC10F0010540F02981E3
:108510001EB110F0040F40F0268100212046FFF725
:108520008BFF02287ED00027042800F01E8101283E
:1085300000F21D8104F13F00FFF75CFCB0F5007F05
:1085400040F0178104F14A00FFF754FC064620B9B9
:1085500004F15800FFF753FC0646E66194F8442006
:10856000A270531EDBB2012B00F2058106FB02F85C
:1085700094F84190A4F80A90B9F1000F00F0FD8042
:1085800009F1FF3319EA030F40F0F98004F14500C7
:10859000FFF730FC8246208110F00F0F40F0F18091
:1085A00004F14700FFF726FC834620B904F154008C
:1085B000FFF725FC834604F14200FFF71BFC02464F
:1085C000002800F0E08000EB080303EB1A139B4542
:1085D000C0F0DB80ABEB030BBBFBF9F1CB45C0F08C
:1085E000D6804FF6F570814234D840F6F57081425E
:1085F0006AD94FF0020B2FE0002004AB03EB860397
:1086000043F8100C0136032E0ED804F13400330168
:1086100003F5DF7318440379002BEDD00830FFF722
:10862000EEFBEAE70026EEE700260AE039462046A0
:10863000FFF702FF01287FF677AF0136032E3FF6E2
:1086400073AF04AB03EB860353F8107C002FEDD11E
:108650000320F2E74FF0030B01F10209C4F8189070
:1086600027623A4462623B44E362BBF1030F2ED0BF
:10867000BAF1000F00F091804244A262BBF1020FF8
:1086800036D009EB490309F0010909EB530909F256
:10869000FF19B6EB592FC0F082804FF0FF336361B2
:1086A000236180232371BBF1030F24D084F800B031
:1086B0003D4A138801339BB21380E3803B4BE36058
:1086C0002046FFF773FC46E04FF0010BC4E704F1CE
:1086D0005E00FFF78FFB00285BD1BAF1000F5AD183
:1086E00004F16000FFF78BFBA0624FEA8909CEE737
:1086F0004FEA4909CBE704F16400FFF77BFB01284F
:10870000D4D1791C2046FFF77BFE0028CED1002370
:10871000237104F23220FFF76DFB4AF6552398428D
:10872000C4D104F13400FFF76AFB214B9842BDD15C
:1087300004F50670FFF763FB1E4B9842B6D104F5B3
:108740000770FFF75CFB606104F50870FFF757FBEB
:108750002061ABE70B25284605B0BDE8F08F0C255E
:10876000F9E70325F7E70A25F5E70125F3E70D25E6
:10877000F1E70D25EFE70D25EDE70D25EBE70D25DD
:10878000E9E70D25E7E70D25E5E70D25E3E70D25ED
:10879000E1E70D25DFE70D25DDE70D25DBE70D25FD
:1087A000D9E700BF8C2900208829002068270020F5
:1087B00052526141727241612DE9F047012975D928
:1087C00007460C46164683698B4273D90378022B01
:1087D0003ED0032B4FD0012B6ED101EB5108416AE3
:1087E00001EB5821FFF70CFE054600285FD107F189
:1087F000340A08F10109C8F3080814F001041DD077
:108800001AF8083003F00F0343EA0613DBB20AF844
:1088100008300123FB70796A01EB59213846FFF7D4
:10882000EFFD0546002842D1C9F3080944B1C6F35B
:1088300007130AF809300123FB7038E0F3B2E6E7CA
:108840001AF80930C6F3032223F00F031343F0E7AD
:10885000416A01EB1421FFF7D3FD054638BB07F150
:108860003400640004F4FF74B1B22044FFF7D2FA7C
:108870000123FB701BE0416A01EBD411FFF7C0FD3F
:108880000546A0B926F0704607F13403A40004F4AD
:10889000FE741C442046FFF7B2FA00F070413143E9
:1088A0002046FFF7BBFA0123FB7000E002252846B3
:1088B000BDE8F0870225FAE70225F8E7F8B5056874
:1088C000012954D90C46AB698B4252D92B78022B23
:1088D0002BD0032B39D0012B4DD101EB5106696A06
:1088E00001EB56212846FFF78BFD10B14FF0FF300A
:1088F0003EE0771CC6F308062E4496F83460696A99
:1089000001EB57212846FFF77BFDB0BBC7F30807F3
:108910002F4497F8343046EA032014F0010F01D0B9
:10892000000925E0C0F30B0022E0696A01EB142185
:108930002846FFF765FD18BB05F13400640004F418
:10894000FF742044FFF756FA12E0696A01EBD41174
:108950002846FFF755FDB0B905F13400A40004F432
:10896000FE742044FFF74BFA20F0704000E0012035
:10897000F8BD0120FCE70120FAE74FF0FF30F7E7F0
:108980004FF0FF30F4E74FF0FF30F1E72DE9F04111
:10899000D0F80080B1F5001F3FD207460E4611F017
:1089A0001F0F3DD141618468E4B998F80030022B73
:1089B00001D9D8F82840ACB9B8F80830B3EB561F45
:1089C00030D9D8F82830FB61BC61FB6993B303EB65
:1089D0005623FB6108F13408C6F3080141443962AB
:1089E00000201BE0B8F80A506D02AE420FD32146BA
:1089F0003846FFF763FF0446B0F1FF3F14D001286B
:108A000014D9D8F81830834212D9761BEDE72146E5
:108A10004046FFF7E9FAF861D6E70220BDE8F081A9
:108A20000220FBE70220F9E70120F7E70220F5E743
:108A30000220F3E70220F1E72DE9F0410546066840
:108A40000F4651B9D6F81080B8F1000F12D0B369B3
:108A5000434511D84FF001080EE0FFF72FFF034602
:108A6000012847D9B0F1FF3F49D0B269824246D8C8
:108A7000B84601E04FF0010844460CE02146284684
:108A8000FFF71CFF034678B1012838D0B0F1FF3F53
:108A900035D0444532D00134B369A342EED8B8F1A1
:108AA000010F29D90224E9E74FF0FF322146304671
:108AB000FFF782FE0346B0B977B9A3B93461726992
:108AC000B369023B9A4201D8013A7261337943F0AB
:108AD00001033371234612E0224639463046FFF740
:108AE0006BFE0346E9E7012B01D0012307E04FF0BD
:108AF000FF3304E0012302E0002300E000231846D6
:108B0000BDE8F081F8B50C46056801292ED9064666
:108B10001146AB69A3422BD94AB14FF0FF32284628
:108B2000FFF74AFE074610B123E0A24221D92746AB
:108B300021463046FFF7C2FE0446E0B101281CD0B2
:108B4000B0F1FF3F1BD0002239462846FFF734FE24
:108B5000074670B96B69AA69911E8B42E5D2013351
:108B60006B612B7943F001032B71DEE7022700E0F4
:108B700002273846F8BD0027FBE70227F9E701275F
:108B8000F7E72DE9F04706684569C369002B6CD00B
:108B9000044688462035B5F5001F68D2C5F308079E
:108BA0003FB90133C361816979B93389B3EB551F8B
:108BB00007D9656106F134033B4423620020BDE818
:108BC000F0870023C3610420F9E77389013B13EAAE
:108BD0005529EED1FFF772FE8246012849D9B0F13E
:108BE000FF3F48D0B369834237D8B8F1000F11D0A6
:108BF000A1692046FFF720FF824600283DD00128CA
:108C00003DD0B0F1FF3F3CD03046FFF7CFFB28B15D
:108C10000120D4E70023E3610420D0E74FF4007281
:108C2000002106F13400FFF70DF951463046FFF7F9
:108C3000DBF93063738999450BD20123F370304619
:108C4000FFF7B4FBF8B909F10109336B0133336362
:108C5000F0E7336BA3EB09033363C4F818A0514664
:108C60003046FFF7C1F9E061A3E70420A7E704203D
:108C7000A5E70220A3E70120A1E707209FE7022044
:108C80009DE701209BE7012099E7F8B504460E46D1
:108C900007680021FFF77AFE0246C0B9002508E008
:108CA0000135B54213D001212046FFF76AFF024685
:108CB00068B9E1693846FFF7A3FB024638B9236A71
:108CC0001B78E52BECD0002BEAD00025EBE7042A3B
:108CD00001D01046F8BD0722FBE72DE9F843044612
:108CE000884607684FF0FF094E4604252EE00F2BFB
:108CF00019D112F0400F06D091F80D9002F0BF028A
:108D0000636923631646B24201D0FF2618E04B7B0D
:108D10004B4501D0FF2613E0F868FFF7A9F988B3A7
:108D2000013EF6B20CE026B90846FFF774FA484552
:108D30002BD04FF0FF33236327E0FF2600E0FF2610
:108D400000212046FFF71DFF0546F0B9E169E1B1BA
:108D50003846FFF755FB0546B8B9216A0A789AB13B
:108D6000CB7A03F03F03A371E52AE6D02E2AE6D0A2
:108D700023F02000082814BF002001204045B6D071
:108D8000FF26DDE7FF26DBE704250DB10023E361C5
:108D90002846BDE8F88370B5044605684669016B4E
:108DA000B1F1FF3F1AD10023B3B9E1692846FFF7BB
:108DB00027FB034670B9226AE52111700122EA708F
:108DC0006269B24206D200212046FFF7DAFE03466E
:108DD0000028EAD0042B05D0184670BDFFF7D6FD59
:108DE0000346E1E70223F7E72DE9F04F83B007469A
:108DF0008A46D1F800900368DD680024234612E01B
:108E0000013619F806302F2BFAD05C2BF8D04E44DF
:108E1000CAF800601F2823D84FF0040824E025F882
:108E20001480013433465E1C19F803001F28EED964
:108E30002F28E6D05C28E4D0FE2C00F2DF80012150
:108E400000F0A4FF8046002800F0DA807F28E6D8F2
:108E500001466D48FFF708F80028E0D0062085E0BD
:108E60004FF0000800E0013C44B104F10043013B35
:108E700035F81330202BF6D02E2BF4D0002325F814
:108E80001430002C00F0BE800B22202107F12400BA
:108E9000FEF7D8FF002300E0013335F81320202A25
:108EA000FAD02E2AF8D01BB148F0030800E0013CAC
:108EB0006CB104F10042013A35F812202E2AF6D1A5
:108EC0004FF0080B4FF0000ACDF804A00AE0A246CC
:108ED0004FF0080B0022019204E04C450BD048F003
:108EE00003084B4603F1010935F81360FEB1202E4B
:108EF000F5D02E2EF1D0DA4510D24C450ED07F2E73
:108F000044D8002E4FD148F003085F2607EB0A0330
:108F100083F824604B460AF1010AE3E7BBF10B0F2B
:108F200027D04C4501D048F003084C4524D297F88F
:108F30002430E52B53D0BBF1080F54D0019B03F034
:108F40000C020C2A03D003F00303032B01D148F0D9
:108F5000020818F0020F06D1019B03F00303012B56
:108F600046D0042A47D087F82F80002003B0BDE800
:108F7000F08F48F00308DAE7019B9B00DBB2019316
:108F800023464FF00B0B4FF0080AABE700213046A9
:108F900000F0FCFE064618B1A0F180061B4B9E5D5A
:108FA00048F00208ADE731461948FEF75DFF00289A
:108FB000A9D1A6F141039BB2192B04D8019B43F020
:108FC00002030193A2E7A6F161039BB2192B9DD87E
:108FD000019B43F001030193203EB6B296E70523BF
:108FE00087F82430A7E7019B9B00DBB20193A5E73C
:108FF00048F01008B5E748F00808B4E70620B5E7E0
:109000000620B3E70620B1E7CCF1000824F60008FB
:10901000D8F100082DE9F041D0F8008000238B75CD
:10902000C369002B6BD006460C46036BB3F1FF3FC0
:1090300016D000231D46D8F80C205F1C32F8130010
:1090400058B1002100F0A2FE30B1FE2D0CD86219FB
:1090500090753B460135EEE7002525440023AB75AE
:10906000A57D0022134612E00025F6E7E52317E070
:1090700015B9A0182E278775A0182E274772013220
:1090800010E010201CE0A018837501320B460A2B5B
:109090001BD8306A591CC35C202BF7D0052BE5D0B8
:1090A0000929E5D0A0184372002DEED1A3F14100AB
:1090B000C0B21928E7D8306A077B0829E1D8082010
:1090C0000742E0D02033DBB2DDE735B9A318002139
:1090D0009975336A1B7B03B90A46224400235372F5
:1090E000336ADB7A2372306A1C30FEF788FE206018
:1090F000306A1630FEF783FEE080000CA080BDE8E9
:10910000F08100002DE9F04781460F4601F11A0079
:10911000FEF770FEC8BB3E7806F03F06013E06EB48
:10912000460306EB83064FF00108002506E0002009
:109130002CE04FF6FF7398422AD101350C2D18D838
:10914000174B585D3844FEF755FE0446B8F1000F42
:10915000EFD0FE2EEBD800F037FE804606F1010A74
:1091600039F8160000F030FE8045E0D1A0465646A2
:10917000E3E73B7813F0400F0CD0B8F1000F0BD0B1
:1091800039F8163053B9012000E00020BDE8F0871F
:109190000020FBE70120F9E70120F7E70020F5E7D1
:1091A00014F600082DE9F8430446D0F800800021A9
:1091B000FFF7ECFB0646002864D14FF0FF33236332
:1091C0004FF0FF094F460AE04FF0FF332363FF27BC
:1091D00000212046FFF7D5FC0646002852D1E16960
:1091E0004046FFF70DF9064600284BD1256A2B783B
:1091F000002B46D0EA7A02F03F01A171E52BE3D0C3
:1092000012F0080F14D00F29DED194F82F2012F09D
:10921000400FDDD113F0400F06D095F80D9003F00C
:10922000BF03626922631F46BB421AD0FF27CFE704
:109230000F29EAD027B92846FEF7EDFF484521D08F
:1092400094F82F3013F0010F06D10B2204F1240102
:109250002846FEF7FCFDA8B14FF0FF332363FF273C
:10926000B6E76B7B4B4501D0FF27B1E72946D8F81D
:109270000C00FFF747FF10B1013FFFB2A8E7FF273F
:10928000A6E704263046BDE8F88330B583B004462F
:109290000191056801E001330193019B1A782F2A9F
:1092A000F9D05C2AF7D00022A2601B781F2B1ED9B0
:1092B00001A92046FFF798FD034600BB2046FFF7B3
:1092C00071FF94F82F200346E0B912F0040F16D175
:1092D000A37913F0100F1CD005F134016369C3F3B7
:1092E000080319442846FEF79CFEA060E0E78023AF
:1092F00084F82F3011462046FFF748FB03461846F6
:1093000003B030BD0428FAD112F0040FF7D10523C1
:10931000F5E70523F3E700002DE9F04385B0066883
:1093200090F82F3013F0A00F40F08A8007460024F9
:1093300000E00134F36833F81430002BF9D107F161
:1093400024080C22414601A8FEF772FD9DF80F305B
:1093500013F0010F1CD0402387F82F30012500E0C7
:109360000135632D0BD82B46F26801A94046FEF764
:10937000FDFE3846FFF716FF81460028F0D0642D29
:1093800064D0B9F1040F5DD19DF80F3087F82F300C
:109390009DF80F3013F0020F06D00C342D4BA3FBB9
:1093A0000434A408013400E0012421463846FFF7C4
:1093B0006CFC8146002845D1013C1CD1B9F1000F5D
:1093C00040D1F9693046FFF71BF88146002839D1B2
:1093D00020220021386AFEF735FD0B224146386A0B
:1093E000FEF726FD97F82F303A6A03F0180313733F
:1093F0000123F37026E07969A1EB44113846FFF7A9
:10940000C5FA8146F0B94046FEF705FF0546F96901
:109410003046FEF7F5FF81460028CFD12B46E2B259
:10942000396AF068FEF766FE0123F37000213846C2
:10943000FFF7A7FB81460028C0D1013CE7D1BDE77B
:109440004FF00609484605B0BDE8F0834FF0070924
:10945000F8E700BF4FECC44E70B50446FEF7A6FF18
:10946000054648B92378032B08D0002211466078BE
:10947000FEF7B4FC00B10125284670BD2379012B0D
:10948000F3D104F134064FF4007200213046FEF7A8
:10949000D9FC4AF6552104F23220FEF7BBFC0F49F5
:1094A0003046FEF7BBFC0E4904F50670FEF7B6FC2D
:1094B000616904F50770FEF7B1FC216904F50870D5
:1094C000FEF7ACFC226A0132226301233146607848
:1094D000FEF778FC00232371C7E700BF52526141B9
:1094E0007272416170B584B001900091164603918B
:1094F00003A8FEF70EFF041E1CDB104B53F824508C
:1095000025B12846FEF752FD00232B70019B0BB1BD
:1095100000221A70019B094A42F8243063B1012EDF
:1095200002D0002004B070BD002201A96846FEF7F9
:10953000BFFFF7E70B20F5E70020F3E78C290020B9
:109540002DE9F04393B00191002800F00581144605
:10955000064602F03F073A4603A901A8FEF7A8FF16
:10956000054628B100233360284613B0BDE8F083D8
:10957000039B0493019904A8FFF787FE054660B991
:109580009DF93F30002B52DB14F03E0F14BF012138
:10959000002104A8FEF770FC054614F01C0F5CD0F7
:1095A000002D50D0042D44D047F00807002DD9D10C
:1095B00017F0080F61D0FEF75FF8044601460C98DB
:1095C0000E30FEF72BFC21460C981630FEF726FCD9
:1095D0000C9B2022DA72DDF80C80DDF830904946D1
:1095E0004046FEF71EFD0446002249464046FEF76F
:1095F0002BFD00210C981C30FEF710FC039B012270
:10960000DA70002C39D0039BD3F830800022214639
:1096100004A8FFF777FA05460028A3D1414603982E
:10962000FEF7EEFE0546013C039B1C6125E0062586
:10963000B3E7FEF75BFC08B91225B5E704A8FFF70E
:109640006BFE0546B0E79DF8163013F0110F13D1ED
:1096500014F0040FAAD0082584E7002D82D19DF8CC
:10966000163013F0100F73D114F0020F05D013F061
:10967000010F02D0072575E70725002D7FF472AF93
:1096800017F0080F01D047F04007039B1B6B736274
:109690000C9BB362012F94BF0021012104A8FEF7A7
:1096A00035FC306108B902255CE7039CDDF83080A9
:1096B00041462046FEF7B5FCB06008F11C00FEF7FD
:1096C0009EFBF0600021F1623460E388B38037755F
:1096D00071753162B16106F130084FF40072404695
:1096E000FEF7B0FB17F0200F2ED0F46864B3B4611E
:1096F000039B5F897F02B16801E00225E41B65B925
:10970000BC420AD93046FFF7D9F801460128F4D9FE
:10971000B0F1FF3FF2D10125F0E7F161002D7FF4B8
:1097200021AFC4F308037BB1039F3846FEF75CFC0E
:1097300008B9022516E700EB5422326201234146A4
:109740007878FEF733FB28B9002D3FF40DAF09E719
:10975000042507E7012505E7092505E72DE9F04F71
:1097600085B004460E46154698460023C8F80030DA
:1097700003A9FEF7F8FD0190002849D1637D01930C
:10978000002B45D1237D13F0020F00F0E280A36986
:10979000EB42C0F0B080DD43ADE0E36A002B3BD08C
:1097A0002046FEF72DFC002800F0CE80012838D09E
:1097B000B0F1FF3F3CD0E061A36803B9A06094F929
:1097C0001430002B3BDBDDF80CB0E1695846FEF7A6
:1097D0000BFC8146002847D0B9444FEA552AB5F51D
:1097E000007F5DD307EB0A03BBF80A20934201D93F
:1097F000A2EB070A53464A4631469BF80100FEF7A2
:10980000E1FAC0B34FF0010A84F815A0CDF804A026
:10981000019805B0BDE8F08FE1692046FFF70CF92B
:10982000C1E74FF0020A84F815A0CDF804A0EFE7D5
:109830004FF0010A84F815A0CDF804A0E8E7012351
:10984000226A04F1300103984078FEF7BBFA20B990
:10985000237D03F07F032375B5E74FF0010A84F8F9
:1098600015A0CDF804A0D3E74FF0020A84F815A0A4
:10987000CDF804A0CCE7216AA1EB0901514502D340
:109880004FEA4A2728E04FF4007206EB412104F129
:109890003000FEF7CDFA237D03F07F032375EFE759
:1098A000236A4B4503D0A269E3689A423BD3C4F8CC
:1098B0002090A369C3F30803C3F50077BD4200D22B
:1098C0002F4604F130003A4631461844FEF7B0FA0C
:1098D000237D63F07F0323753E44A3693B44A3616A
:1098E000E268934238BF1346E360D8F800303B4447
:1098F000C8F80030ED1B3DB3A169C1F30803002B8C
:10990000D7D1039B5F89013F17EA51277FF457AFF7
:1099100000297FF442AFA06800287FF447AF2046BB
:10992000FFF78AF83FE701234A4604F130019BF82C
:109930000100FEF73BFA0028B9D04FF0010A84F885
:1099400015A0CDF804A063E7237D43F04003237501
:109950005EE7072301935BE770B582B0044601A977
:10996000FEF701FD70B9237D13F0400F0AD013F00C
:10997000800F09D1FDF780FE0546616A0198FEF768
:109980003FFD78B102B070BD0123226A04F13001BD
:1099900001984078FEF716FA40BB237D03F07F0361
:1099A0002375E7E7A66AF37A43F02003F372A2680F
:1099B00031462068FEF748FBE16806F11C00FEF71F
:1099C0002DFA294606F11600FEF728FA002106F1C5
:1099D0001200FEF71FFA019B0122DA700198FFF7CF
:1099E0003BFD237D23F040032375CBE70120C9E72E
:1099F00030B585B0019100283FD00546002203A96B
:109A000001A8FEF755FD044620B100232B60204637
:109A100005B030BD039B2B6001992846FFF735FC4C
:109A2000044618BB95F92F30002B08DBAB7913F0F7
:109A3000100F1AD0296A0398FEF7F3FAA860039B67
:109A4000DB88AB8000212846FEF7A0FF044668B9FA
:109A5000AB6813B900232B6108E000212846FEF70C
:109A600055FA286110B9122402E00524042C02D012
:109A7000002CCCD0C9E70524C7E70924C7E770B597
:109A800082B004460D4601A9FEF76DFC0646C0B93A
:109A900095B100212046FFF720F9042800D098B99D
:109AA00029462046FFF7B6FA00212046FFF769F85D
:109AB000042806D0064604E000212046FEF766FF93
:109AC0000646304602B070BD0646FAE770B5054658
:109AD0000C4621462846FFF7D2FF064658B954B136
:109AE000A37D43B100231A4604F11601686BFEF70B
:109AF000B9FB0028EDD0304670BD38B504460D46A0
:109B000043631146FFF774FF00B138BD2946204674
:109B1000FFF7DCFFF9E7F0B5A1B00190022203A93D
:109B200001A8FEF7C5FC039B1293044610B1204622
:109B300021B0F0BD019912A8FFF7A7FB0446002849
:109B4000F5D1022112A8FEF797F904460028EED1BC
:109B50009DF97730002B38DB9DF84E5015F0010F42
:109B600035D1039F1A993846FEF75BFA064615F081
:109B7000100F0FD1002CDAD112A8FFF70CF9044610
:109B80000028D4D1D6B9002CD1D10398FFF764FCBA
:109B90000446CCE704970690002104A8FEF7F6FEE1
:109BA00004460028C3D1002104A8FFF796F8044614
:109BB00010B10428DED1DFE70724DBE700223146BD
:109BC00012A8FEF79FFF0446DDE70624AFE707244F
:109BD000ADE70000F0B599B00190022209A901A8F3
:109BE000FEF766FC0546002859D1099B0A9300241C
:109BF00000E00134019B1A5D1F2AFAD800E01446E8
:109C00001CB1621E995C2029F9D0002C40D000279D
:109C10008DF80C703E4609E00B231EE033465E1CB7
:109C200060336B4403F8545CBC422BD90121019A88
:109C3000D05D0F4400F0AAF800F0C6F8002100F053
:109C4000A5F80546002866D001463748FEF70CF90E
:109C5000002862D1FF2DDFD90A23B3425FD9FF2D3F
:109C6000DCD9731CC5F3072206F160010DEB010678
:109C700006F8542CD3E706F160036B44202203F866
:109C8000542C01360A2EF6D99DF80C30E52B48D01D
:109C900000210C910AA8FEF779FE054610B128466E
:109CA00019B0F0BD01210AA8FFF717F888B954B917
:109CB000129BE5221A70099B0122DA700998FFF7BE
:109CC000CBFB0546EBE70B2203A91298FEF7B0F891
:109CD000F1E7042801D00546E1E7002CDFD001219F
:109CE0000AA8FEF7D2FF05460028D8D1202200217D
:109CF0001298FEF7A7F8129B0822DA720B2203A92A
:109D00001298FEF795F8099B0122DA700998FFF77F
:109D1000A3FB0546C3E70625C1E70625BFE70625E1
:109D2000BDE70625BBE700BF04F60008134B5B7ACE
:109D300013BB10B5044603F0FF00104B93F809C0A5
:109D40005FFA8CFC4FF0000E03F80CE093F809C0AA
:109D500003EB8C0CCCF804405C7A1C4422725A7AD7
:109D6000541CE4B25C7230320A703A234B702F23D9
:109D70008B7081F803E010BD01207047902900200E
:109D800008B50022FFF7D2FF08BD00007F2817D9D1
:109D900031B1FF2813D880380A4B33F810007047D0
:109DA00000237F2B07D8074A32F81320824202D0C3
:109DB00001339BB2F5E703F18000C0B27047002089
:109DC000704700BF54F90008B0F5805F07D2234BFD
:109DD0001A88002A41D090423FD310B506E0204BAC
:109DE000F6E773461A88DAB1904219D303F1040EEC
:109DF0005B88190ADBB203EB020C604504DB002927
:109E0000EFD10EEB4303EDE7082909D8DFE801F0B5
:109E100005090F1215181B1E2100841A3EF81400A4
:109E200010BD831A03F00103C01A80B2F8E710389E
:109E300080B2F5E7203880B2F2E7303880B2EFE741
:109E40001A3880B2ECE7083080B2E9E7503880B2C7
:109E5000E6E7A0F5E35080B2E2E7704760F700085C
:109E6000A4F6000870B582B0044600230193006890
:109E7000FDF799FC054610B1284602B070BD206878
:109E8000FDF75AFF38B90123A364A36C012B0BD053
:109E90002E46284614E00023A3642068FDF783FCC7
:109EA0000028F2D00546E7E700212068FDF7E2FD33
:109EB0000028EDD04FF08055DEE7019B0133019380
:109EC000019A4FF6FE739A4213D896B90021206882
:109ED000FDF7D0FDE0B912492068FDF779FE06468E
:109EE000C0B900212068FDF749FCC30FE5D01E462C
:109EF000E3E7019A4FF6FE739A420ED810F08043C2
:109F000002D001236364B7E7002262641D46B3E711
:109F10000546B1E74FF08055AEE74FF08075ABE7EF
:109F2000000010C1F8B5846AC66AA6B9F8BD3868E1
:109F3000FDF701FC2070C0F307236370C0F30743F3
:109F4000A370000EE0700434043E0135072DEED9F5
:109F5000BC62FE62EAE707460025F7E7F0B583B08A
:109F6000046A466ADEB903B0F0BD237801936278D3
:109F700043EA02230193A27843EA02430193E27881
:109F800043EA026301930434043E01A93868FDF7F3
:109F9000D5FB0135072DE8D93C627E62E3E7074631
:109FA0000025F7E770B581B104460E46016D09043E
:109FB0000068FDF777FD054608B1284670BD002111
:109FC0002068FDF7DBFB3060F7E74FF00065F4E752
:109FD0002DE9F04F87B005460C4616469B46DDF846
:109FE00040A0F7F777FF002C36D0814695F8347003
:109FF000FFB2012F40F009810023AB6306EB0B0396
:10A00000EA6D93422ED8032385F834302B68002262
:10A01000DA626B6C012B00D076024FF0FF330093B5
:10A020004FEA4B23019390230293022303930023CF
:10A0300004930123059369462868FDF7A2FBBBF151
:10A04000010F14D902232B6331462868FDF798FCD1
:10A05000A0B9DDF8048038E0AB6B43F00063AB637C
:10A060000127D7E0AB6B43F00073AB63D2E0012371
:10A070002B6331462868FDF76BFCE9E72B68674ADC
:10A080009A63AB6B0343AB63012385F83430002341
:10A090002B63BFE02868FDF74EFB2070C0F3072359
:10A0A0006370C0F30743A370000EE0700434A8F19E
:10A0B00004080136072EEDD9F7F70CFFA0EB0900D5
:10A0C000504510D2BAF1000F0DD02868466B40F20F
:10A0D0002A331E4015D1436B13F4004FECD0B8F176
:10A0E000000FE9D0E6E72B684C4A9A63AB6B43F06C
:10A0F0000043AB63012385F8343000232B6303272F
:10A1000088E0436B13F4807F05D0BBF1010F02D9C7
:10A110006B6C032B3CD12B685A6B12F0080F48D1A3
:10A120005A6B12F4007F44D15A6B12F0020F4CD1DB
:10A130005A6B12F0200F54D12868436B13F4001FA0
:10A140005BD0B8F1000F58D0FDF7F5FA2070C0F3DE
:10A1500007236370C0F30743A370000EE07004345C
:10A16000A8F10408F7F7B6FEA0EB0900504502D2AB
:10A17000BAF1000FE0D12B68284A9A63AB6B43F029
:10A180000043AB63012385F8343000232B6341E0A7
:10A19000FDF73EFC03460028BDD02A681F499163A5
:10A1A000AA6B1343AB63012385F8343000232B6380
:10A1B00030E01A4A9A63AB6B43F00803AB630123A8
:10A1C00085F8343000232B6324E0144A9A63AB6B88
:10A1D00043F00203AB63012385F8343000232B6383
:10A1E00018E00E4A9A63AB6B43F02003AB63012384
:10A1F00085F8343000232B630CE040F23A5383633C
:10A20000012385F83430002704E0AB6B43F00053A2
:10A21000AB630127384607B0BDE8F08FFF0540006B
:10A220002DE9F04F8BB005460C4616469B46DDF8EF
:10A2300050A0F7F74FFE002C37D0804695F83470C9
:10A24000FFB2012F40F0E6800023AB6306EB0B0367
:10A25000EA6D93422FD8032385F834302B6800220F
:10A26000DA626B6C012B00D076024FF0FF3304935F
:10A270004FEA4B23059390230693002307930893FB
:10A280000123099304A92868FDF77BFABBF1010FAC
:10A2900016D920232B6331462868FDF7A1FB0190D6
:10A2A000019BABB9DDF8149040E0AB6B43F0006369
:10A2B000AB630127B3E0AB6B43F00073AB63AEE07D
:10A2C00010232B6331462868FDF772FB0190E7E706
:10A2D0002B68554A9A63AB6B019A1343AB63012316
:10A2E00085F8343000232B6399E023780393627858
:10A2F00043EA02230393A27843EA02430393E278FA
:10A3000043EA026303930434A9F1040903A928680A
:10A31000FDF714FA0136072EE7D9F7F7DBFDA0EBBE
:10A320000800504510D2BAF1000F0DD02868466BD6
:10A3300040F21A331E4015D1436B13F4804FECD01A
:10A34000B9F1000FE9D0E6E72B68374A9A63AB6BA7
:10A35000019A1343AB63012385F8343000232B6348
:10A3600003275CE0436B13F4807F05D0BBF1010F42
:10A3700002D96B6C032B1CD12B685A6B12F0080F9F
:10A3800028D15A6B12F4007F24D15A6B12F0020FBD
:10A390002CD15A6B12F0100F34D0234A9A63AB6B56
:10A3A00043F01003AB63012385F8343000232B63A3
:10A3B00035E0FDF72DFB03460028DDD02A681A4959
:10A3C0009163AA6B1343AB63012385F834300023F8
:10A3D0002B6324E0144A9A63AB6B43F00803AB632E
:10A3E000012385F8343000232B6318E00E4A9A636A
:10A3F000AB6B43F00203AB63012385F834300023D9
:10A400002B630CE040F23A529A63012385F8343012
:10A41000002704E0AB6B43F00053AB6301273846E1
:10A420000BB0BDE8F08F00BFFF0540007047000093
:10A430000346426E920F0A70426EC2F383624A7004
:10A4400090F8672002F003028A7090F86620CA70C4
:10A4500090F865200A7190F864204A71826E120D9E
:10A46000CA80B0F86A2002F00F020A72826EC2F34C
:10A47000C0324A72826EC2F380328A72826EC2F336
:10A480004032CA72826EC2F300320A7300224A73EB
:10A49000426C002A40F08680806E40F6FC7202EA30
:10A4A0008002D86E42EA90720A61DA6EC2F3C2622A
:10A4B0000A7593F86F2002F007024A75DA6EC2F34C
:10A4C00042528A75DA6EC2F38242CA75DA6EC2F3FC
:10A4D000C2320A760A6901325A65087E00F0070026
:10A4E000023082405A6591F808C00CF00F0C012030
:10A4F00000FA0CF09865400A00FB02F2DA654FF4AE
:10A5000000721A66DA6EC2F380324A76DA6EC2F3ED
:10A51000C6128A76DA6E02F07F02CA761A6FD20FFE
:10A520000A771A6FC2F341724A771A6FC2F38262D6
:10A530008A771A6FC2F38352CA771A6FC2F34052F6
:10A5400081F82020002081F82100B3F8722002F069
:10A55000010281F822201A6FC2F3C03281F8232051
:10A560001A6FC2F3803281F824201A6FC2F340328E
:10A5700081F825201A6FC2F3003281F826201A6F65
:10A58000C2F3812281F827201A6FC2F3012281F8D9
:10A5900028201B6FC3F3460381F82930012381F87B
:10A5A0002A307047012A11D1826E120402F47C1203
:10A5B000B0F86E0002430A610A69013292025A65DC
:10A5C000DA654FF400729A651A669BE702680549DE
:10A5D0009163826B42F080528263012083F83400E1
:10A5E000704700BFFF05400070B590B004460123DE
:10A5F000ADF812300068FDF7AAF800286CD0636C43
:10A60000032B45D1636C032B5DD1636C032B1DD0F1
:10A61000BDF81210216509042068FDF79EFA054671
:10A6200000285BD100212068FDF7A8F860660421AE
:10A630002068FDF7A3F8A06608212068FDF79EF8C2
:10A64000E0660C212068FDF799F820670421206856
:10A65000FDF794F8000DE06405A92046FFF7E8FE39
:10A6600000283ED1226D120400232068FDF7EAF98C
:10A67000054698BB234653F8106B93E807008DE816
:10A680000700043494E80E003046FDF73BF825E05F
:10A690002068FDF74DFA054600BB00212068FDF754
:10A6A0006DF8606704212068FDF768F8A06708214D
:10A6B0002068FDF763F8E0670C212068FDF75EF87D
:10A6C000C4F880009EE70DF112012068FDF7EAFA58
:10A6D0000546002899D001E04FF08065284610B06B
:10A6E00070BD4FF08055F9E770B58AB0044600237D
:10A6F00004930593069307930893762309930AAB73
:10A7000013E907008DE8070004AB0ECB2068FCF7C7
:10A71000F9FF18B1012528460AB070BD05461A4E4A
:10A720000023C6F8A0302068FDF70DF80123C6F815
:10A73000A0300220F7F7D4FB2046FFF793FB30B19F
:10A74000012584F83450A36B0343A363E3E7204659
:10A75000FFF74AFF30B1012584F83450A36B03435F
:10A76000A363D8E74FF400712068FDF7D9F80028FB
:10A77000D1D0236805499963A36B0343A3630125E3
:10A7800084F83450C7E700BF00802542FF05400031
:10A79000A8B110B5044690F8343063B1032384F8AF
:10A7A00034302046FFF7A0FF58B9A063206301238F
:10A7B00084F8343010BD0377FCF7E4FEEEE70120A7
:10A7C00070470120F6E7436C0B60836C4B60C36CF1
:10A7D0008B60036DCB60436D0B61836D4B61C36D0B
:10A7E0008B61036ECB610020704710B582B00446C8
:10A7F0000023019301A9FFF7D5FB10B1A36B03431D
:10A80000A3630198C0F3432002B010BD10B5846B60
:10A81000236840F23A529A632046FFF7E6FF01238D
:10A8200084F83430002323630538012805D9A36B4D
:10A8300053B9204600F0DFFE10BD2068FDF7E8F8B0
:10A84000A36B0343A363F2E72046FFF7EFFDF3E7B3
:10A8500010B5846B236840F23A529A632046FFF7A2
:10A86000C4FF012384F83430002323630538012812
:10A8700005D9A36B53B9204600F0BDFE10BD20687A
:10A88000FDF7C6F8A36B0343A363F2E72046FFF787
:10A89000CDFDF3E738B50446056B03685A6B12F437
:10A8A000004F02D015F0080F28D15A6B12F4807FA8
:10A8B0005AD04FF480729A632268D36B23F44343D7
:10A8C00023F03A03D3632268D36A23F00103D362EF
:10A8D00015F0080F26D015F0220F12D1236840F290
:10A8E0003A529A63012384F834300023236315F02D
:10A8F000030F13D0204600F088FE01E0FFF712FBA3
:10A9000038BD2068FDF784F803460028E6D0A26B26
:10A910001343A3632046FFF789FDDFE7204600F0DD
:10A920006FFEEDE715F0800FEAD015F0200F0ED185
:10A9300015F0030FE4D12268D36A23F00803D36231
:10A94000012384F83430204600F05AFED8E720680E
:10A95000FDF75EF803460028EAD0A26B1343A36319
:10A960002046FFF763FDE3E75A6B12F4804F02D0F5
:10A9700015F0080F55D1596B40F23A221142BFD061
:10A980005A6B12F0020F03D0A26B42F00202A263D4
:10A990005A6B12F0080F03D0A26B42F00802A263B8
:10A9A0005A6B12F0200F03D0A26B42F02002A26378
:10A9B0005A6B12F0100F03D0A26B42F01002A26388
:10A9C0005A6B12F4007F03D0A26B42F00802A2631C
:10A9D00040F23A729A632268D36B23F44E7323F0E9
:10A9E0000203D3632068FDF713F8A36B0343A3634B
:10A9F00015F0080F19D115F0800F81D015F0300F28
:10AA00001CD115F0030F26D0236C184A1A65206C50
:10AA1000F7F797F800283FF473AF206CFFF718FFA3
:10AA20006EE72046FFF79AFA6AE7012384F834308C
:10AA3000002323632046FFF7F9FC61E7E36B0C4A30
:10AA40001A65E06BF7F77DF800283FF459AFE06B2B
:10AA5000FFF7DCFE54E70023A363012284F83420CF
:10AA60002363204600F0C7FD4AE700BF51A8000855
:10AA70000DA8000800B583B000210191094B1A6BA5
:10AA800042F480021A631B6B03F480030193019B61
:10AA90000A463820F7F7AAF93820F7F7B7F903B0D4
:10AAA0005DF804FB0038024010B586B02D4C002242
:10AAB00069462046FCF705FD002205A92046FCF763
:10AAC00026FD294CAA23237000236370F7F71CFA94
:10AAD000A060F7F71FFAE060F7F722FA20619DF80F
:10AAE000173023769DF8153063769DF81630A376DF
:10AAF0009DF80030E3769DF8013023779DF8023011
:10AB00006377029A019BD31A4FF47A7101FB03F326
:10AB10000132B3FBF2F3E3834FF48770F7F7E0F908
:10AB200000F086FB062211491148FCF7FBF8114B97
:10AB30001B68012BFBD10F4B00221A600E4BB3F99F
:10AB40000030B3F5167F06DA0C4801F0DDFC00F0AA
:10AB50006FF906B010BD0A4801F0D6FC00F090FA7B
:10AB6000F7E700BF742600209C290020302A00202F
:10AB70002C260020482A0020242A0020E0F100088A
:10AB8000ECF1000870B588B004460D461D4B5BB172
:10AB900010210DEB0100AFF300806E08B0EB550FF4
:10ABA00000D80646002524E0174B049303F18833B0
:10ABB00005930820F1E7154BEE460FCB8EE80F000A
:10ABC00005F120036B4413F8103C4FEA8C0213414B
:10ABD00003F00F03CCEB4502013220336B4413F832
:10ABE000203C24F812300CF1010CBCF1010FE2D929
:10ABF0000135AE4202D94FF0000CF6E7700008B004
:10AC000070BD00BF0000000001234567FCF1000893
:10AC100000487047BCFA00080048704758FA00081E
:10AC200010B570B103281AD0052825D8134A52F858
:10AC300020402046F5F704FB202800D920200023DF
:10AC400017E00E4B1B681A880D4B5A800120431CDD
:10AC50005B009BB243F440730948038010BD202180
:10AC60000848FFF78FFFF2E7E15C0133044A22F85E
:10AC700013109842F8D8EAE70020EFE72000002000
:10AC8000C0290020C22900207047704770477047D4
:10AC900030B5D9B00020F9F77BF808B959B030BD0C
:10ACA000CC238DF85431082256A90020F9F77EF8FC
:10ACB00004460020F9F796F89DF85831BB2B0BD0CD
:10ACC00002238DF85531042255A90020F9F702F925
:10ACD0000020F9F799F8E1E7082CF1D19DF85931F6
:10ACE000012B35D0022B7BD0002B40F095804C4CB3
:10ACF00000220FA92046FCF7E4FB0022694620460B
:10AD0000FCF705FC9DF803308DF804309DF8013008
:10AD10008DF805309DF802308DF806309DF83C30F6
:10AD20008DF807309DF83D308DF808309DF83E30A5
:10AD30008DF809300C223B490020F9F7CBF80622A8
:10AD400001A90020F9F7C6F80020F9F75DF8A5E79A
:10AD5000002301930F9310931193129313939DF873
:10AD60005A318DF807309DF85B318DF805309DF82C
:10AD70005C318DF806309DF85D318DF83C309DF8E2
:10AD80005E318DF83D309DF85F318DF83E30012207
:10AD90000FA92348FCF7DEFA18B101238DF85531CD
:10ADA00091E7012201A91E48FCF734FB18B10123E9
:10ADB0008DF8553187E71A4C2368CA225A6253220C
:10ADC0005A622046FCF734FA236800259D6020462D
:10ADD000FCF751FA2368FF225A628DF8555172E749
:10ADE000114B124A0FA901A8FEF787FE18B10123E3
:10ADF0008DF8553167E70DF15200FEF78CFE0FA973
:10AE000001A8FEF763FE18B99DF85230002BF2D16D
:10AE100000238DF8553156E702238DF8553152E75E
:10AE200074260020A429002010F2000884ED0008F8
:10AE30002DE9F043ADF5157D002400943C4D2B6BBE
:10AE400043F001032B632B6B03F001030093009B82
:10AE50004FF480538F9392944FF00109CDF84092B4
:10AE60009194344E8FA93046F6F760FC0520F7F731
:10AE700037F84FF4C0538F934FF00308CDF8488252
:10AE80000223909391940A2793978FA93046F6F75F
:10AE90004DFC4FF400738F93909491948FA930469A
:10AEA000F6F744FC4FF480638F9312239093CDF810
:10AEB0004492CDF8488293978FA93046F6F736FC36
:10AEC0006B6B43F080036B6301946B6C43F48043C2
:10AED0006B646B6C03F480430193019B4FF0A043C0
:10AEE0009A6B42F400129A639A6B22F400229A63DE
:10AEF0009A6B22F480229A632046FCF741FF224697
:10AF00000D4902A8FEF7EEFA60B90C48FEF762FEA2
:10AF1000FBF754FB00214FF0FF30FBF7BFF9FFF7C1
:10AF2000B7FEF7E7064B02221A60F5F791FEECE751
:10AF3000003802400000024084ED000818F20008CA
:10AF4000200200207047704770B588B00C469646C6
:10AF50001D46174B06AE93E8030086E80300154B29
:10AF60000DF1080C0FCBACE807002CF8023B1B0CD2
:10AF70008CF80030104B019306982060B288B379AA
:10AF8000A280A3710DF1080CBCE80700CEF8000008
:10AF9000CEF80410CEF80820BCF80030AEF80C3023
:10AFA000BDF804209DF806302A80AB7008B070BD53
:10AFB00018F2000820F20008312E300008B5064BC8
:10AFC0001B780BB9012008BD00233A220221F9F7B2
:10AFD0006DFA0020F7E700BFBC29002030B589B02A
:10AFE0000D461446684600F0FDFA069B013B2B60B7
:10AFF000079B238009B030BD1BB112B9024B01225F
:10B000001A700120704700BFBC29002070B588B0BD
:10B010000C461E460C9D684600F0E4FA069BA342CF
:10B020000ED94FF0FF336A0A2146304600F0B0FADD
:10B0300048B900F0CDFA0028FBD1284608B070BD11
:10B040004FF0FF30FAE74FF0FF30F7E7002070478E
:10B050004FF0FF30704708B5002320220521F9F793
:10B0600025FA4FF0FF3008BD84460023184603E060
:10B070003CF8132050400133B3EB510FF8D3704725
:10B0800070B5ADF5B66D0020FCF77AFE00225B4985
:10B09000DFA8FEF727FA00284ED1594A937ED17EC9
:10B0A000107F547FD58B16690796D66806969668EA
:10B0B000059604950394029001910093537E127EAD
:10B0C00050499FA801F0BAFB32229FA913A8FEF7AE
:10B0D00037FA002836D1F6F7FDFE494C60600023B0
:10B0E000638020212046FFF7BFFF608012AB202243
:10B0F000214613A8FEF732FB9FA9434800F032FE19
:10B1000001238DF83930AA238DF838303F48F6F7FF
:10B110003DFF3F4B1B68DBB93E4B1B68002BF8D053
:10B1200013A8FEF719FC3B4B00221A604FF40051A4
:10B130003948F6F7E5FBECE7384B02221A60F5F7E1
:10B1400087FDAAE7354B02221A60F5F781FDC2E7B9
:10B15000002408940A940B940C9421E006223049B0
:10B160003048FBF7DFFD304B1B68012BFBD1089A01
:10B170002E4BB3F900100A4408920A9AB3F904104E
:10B180000A440A920B9AB3F906100A440B920C9ADD
:10B19000B3F908301A440C92234B00221A60013490
:10B1A0000F2CDBDDF6F796FE0F900B9B43F30F138E
:10B1B000ADF840300A9B43F30F13ADF84230089BC3
:10B1C00043F30F13ADF844300C9B43F30F13ADF86A
:10B1D00046300024ADF83A4010210EA8FFF744FF96
:10B1E000ADF83A0012AB10220EA913A8FEF7B6FA7A
:10B1F0000D4B1C60064B1C608EE700BF84ED000801
:10B200009C29002054F2000890F2000894260020A7
:10B21000542A0020502A002000080240200200206A
:10B22000302A00202C260020482A0020242A002032
:10B2300030B52DED048B83B000249FED308AF0EE05
:10B24000488A20E006222E492E48FBF76BFD2E4B44
:10B250001B68012BFBD12D4BB3F9062007EE902A7A
:10B26000F8EEE77A78EEA78AB3F9043007EE903A61
:10B27000F8EEE77A38EE278A234B00221A60012085
:10B28000F6F72EFE01340F2CDCDDDFED217A68EEBF
:10B29000A78A204BC3ED008A28EE278A1E4B83ED38
:10B2A000008ADFED1E7A28EEA77ABCEEC77A1C4B27
:10B2B00017EE102A9A8268EE277AFCEEE77A17EEEC
:10B2C000902ADA82F2EE047A88EE279AC8EEA77AFC
:10B2D00017EE900AF5F720F904460D4619EE100A0C
:10B2E000F5F71AF9CDE9000122462B4610210D4849
:10B2F00000F038FD03B0BDEC048B30BD0000000051
:10B30000302A00202C260020482A0020242A002051
:10B310000000803D082A0020042A00200000C842C6
:10B320009C2900209CF20008074B01221A60074A62
:10B33000136801331360092B05D9054B01221A60EC
:10B34000024B00221A607047542A00204C2A002029
:10B35000502A00207F48438D07EE903AF8EE677A36
:10B360009FED7D7A67EE877A7C4B93ED057AF8EE58
:10B37000476A87EEA67A7A4A82ED057AD3ED007A9B
:10B38000F8EE677A67EE277ADFED765A87EEA56AE0
:10B3900082ED006AD3ED017AF8EE677A67EE277ADC
:10B3A00087EEA55A82ED015AD3ED027AF8EE676A6C
:10B3B00067EE266AC6EEA57AC2ED027AD3ED036A7D
:10B3C000F8EE666A27EE267AC7EE256AC2ED036AB2
:10B3D000F2EE045A26EE256A86EE257ABDEEC77A8D
:10B3E000614917EE102A0A809FED607A67EE877A2E
:10B3F00077EEC57AB1EE007A67EE877A5C4A92ED15
:10B40000007A77EEC77AFDEEE77A17EE902A8A8007
:10B41000DFED587A66EEA76A9FED576AC6EE867A28
:10B42000564A92ED007A77EEC77AFDEEE77A17EE8C
:10B43000902ACA80C28D808D121A07EE902AB8EE2B
:10B44000E77ADFED4F6AC6EE877A93ED047A06EE6F
:10B45000900AF8EE666AB8EE477A37EE667A67EEDB
:10B46000877AB3EE0E7A77EE877A67EE867AFDEE0C
:10B47000E77A17EE903A0B81424B01221A60424B59
:10B480001B6803B170472DE9F0432DED048B93B099
:10B49000F6F720FD0646324A334BB3F9001007EEAB
:10B4A000901AF8EEE77A9FED347A87EE878AB3F93F
:10B4B000061007EE901AF8EEE77AF2EE046AC7EE8D
:10B4C000A68AB3F9041007EE901AF8EEE77A87EE31
:10B4D000A69A5768B3F9083007EE903AF8EEE77A83
:10B4E000C7EE879A5069F5F717F88046894619EE36
:10B4F000900AF5F711F8CDE9100120250F950B24DE
:10B500000E943846F5F708F8CDE90C010B950A942E
:10B5100019EE100AF5F700F8CDE9080118EE900AC7
:10B52000F4F7FAFFCDE906010595049418EE100A28
:10B53000F4F7F2FFCDE902010195009442464B4633
:10B540003146124800F00EFC13B0BDEC048BBDE890
:10B55000F08300BF007AFF1F00404E45302A0020D4
:10B560000C2A002000F07F45242A00201AA4C13FA5
:10B57000042A0020000096430000C842082A002048
:10B580000000A042482A00204C2A0020B8F20008FF
:10B5900000B583B0009313460A4601460348FEF700
:10B5A00017FD00B1012003B05DF804FBDC2600208C
:10B5B00000B583B0009313460A4601460348FEF7E0
:10B5C0002FFE00B1012003B05DF804FBDC26002053
:10B5D00008B50348FFF709F9043818BF012008BD72
:10B5E000DC26002008B501460148FFF7ECF808BD4D
:10B5F000DC260020704708B5FFF7FCFF08BD704748
:10B6000008B5FFF7FCFF08BD704708B5FFF7FCFF62
:10B6100008BD82B001238DF807309DF8070002B005
:10B620007047000008B5FFF7F4FF012801D00120A2
:10B6300008BD0248FFF7ACF8FAE700BFDC2600209F
:10B6400008B5074B01221A70FFF7C2FF20B9044A60
:10B65000137803F0FE031370014B187808BD00BF88
:10B660003800002010B50446074B01221A70FFF77E
:10B67000D9FF10B1044B187810BD2046FFF7E0FF4A
:10B68000014B1870F6E700BF3800002008B5FFF73F
:10B69000D7FF08BD08B5084611461A464FF0FF33DC
:10B6A000FFF776FF30B9FFF793FF03460028FAD182
:10B6B000184608BD0123FBE708B5084611461A469F
:10B6C0004FF0FF33FFF774FF30B9FFF781FF0346F8
:10B6D0000028FAD1184608BD0123FBE730B589B030
:10B6E000134B187810F001041BD1154603291CD800
:10B6F000DFE801F002040A100C4613E06846FFF789
:10B7000071FF069B2B600DE06846FFF76BFF079B00
:10B710002B8007E06846FFF765FF079B5B0A2B60FD
:10B7200000E00324204609B030BD0424FAE700BF3E
:10B7300038000020DFF834D0F5F712FC0C480D4932
:10B740000D4A002302E0D458C4500433C4188C427C
:10B75000F9D30A4A0A4C002301E013600432A242E2
:10B76000FBD300F011F8F5F7E5FA7047000001206F
:10B77000000000200402002068FE000804020020EF
:10B78000A42B0020FEE7000070B50D4D0D4C641B8E
:10B79000A4100026A64209D10B4D0C4C03F066F80C
:10B7A000641BA4100026A64205D170BD55F8043BC9
:10B7B00098470136EEE755F8043B98470136F2E723
:10B7C00060FE000860FE000860FE000864FE0008DD
:10B7D0002DE9FF4757EC106B002F0C4619463B46EE
:10B7E000BBBF07F100431F4600232D230B700D9BA9
:10B7F000DDF830A0914623F02008BCBF3246164643
:10B80000B8F1460F05D0B8F1450F00D1013402213F
:10B8100000E0032103AB019302AB009347EC106BF4
:10B820005346224601F0F8F8B8F1470F054619D102
:10B8300019F0010F0ED000EB04090022002330465E
:10B840003946F5F729F908B1CDF80C903022039B61
:10B850004B451ED3039B0E9A5B1B2846136004B016
:10B86000BDE8F087B8F1460F00EB0409E5D1037895
:10B87000302B0AD10022002330463946F5F70CF967
:10B8800018B9C4F10104CAF80040DAF8003099444C
:10B89000D3E7591C03911A70D9E7F7B50029BABF4D
:10B8A00049422D232B2309290270437029DD0DF114
:10B8B00007031D460A271A46B1FBF7F607FB1614C5
:10B8C000303402F8014C0C46632C03F1FF3331464F
:10B8D000F1DC3031941E03F8011C411C2346AB42BD
:10B8E0000AD30DF109039B1AAC4288BF002302332F
:10B8F0000344181A03B0F0BD13F8016B01F8016F8F
:10B90000EDE7302330318370C170031DF1E7000093
:10B910002DE9F04F8DB00C46DDF8588016461F46D5
:10B92000054601F019FF036804931846F4F788FCF4
:10B9300000230A93D8F800300590073323F007035B
:10B9400003F1080294F818A0D4F800B0C8F8002059
:10B95000D3E9008929F000430793CDF81880C4E9A2
:10B960001289DDE906019C4B4FF0FF32F5F7C6F86E
:10B9700070BBDDE90601984B4FF0FF32F5F7A0F8F8
:10B9800030BB0022002340464946F5F78FF810B13E
:10B990002D2384F84330914A914BBAF1470F8CBF65
:10B9A00090469846032323612BF0040323604FF055
:10B9B0000009009733460BAA2146284600F0C2FB37
:10B9C000013040F08D804FF0FF300DB0BDE8F08FBA
:10B9D00042464B4640464946F5F790F840B14B4643
:10B9E000002BBCBF2D2384F843307E4A7E4BD4E726
:10B9F00063680AF0DF0206925A1C3BD1062363609B
:10BA00004BF480620023226003930AABCDE901A3CB
:10BA100009AB0093616849EC108B0DF123032846B4
:10BA2000FFF7D6FE069B0999472B804629D1C81CF3
:10BA300002DB6368994241DDAAF1020A5FFA8AFAE1
:10BA40000139524604F150000991FFF726FF0A9A86
:10BA50001318012A8146236102DC2268D20701D52E
:10BA6000013323619DF82330002BA2D02D2384F8CD
:10BA700043309EE7069A472AC2D1002BC0D101234A
:10BA8000BDE7BAF1650FDBD9BAF1660F18D100290D
:10BA900063680BDD216113B92268D00702D5013339
:10BAA0000B442361A1654FF00009DBE713B922685D
:10BAB000D20701D50233F4E70123F2E74FF0670A1A
:10BAC0000A9B994205DB23682161D807EAD54B1C04
:10BAD000E7E70029D4BFC1F1020201221344E0E7E5
:10BAE00023685A0507D42369424631462846B84799
:10BAF00001302BD167E7BAF1650F40F2DD80D4E960
:10BB0000120100220023F4F7C7FF002833D0374A80
:10BB1000012331462846B84701303FF454AFDDE9F0
:10BB20000938434502DB2368D8070FD5DDE9042334
:10BB300031462846B84701303FF445AF4FF0000981
:10BB400008F1FF3804F11A0AC84509DC23689B078D
:10BB500000F10381E0680B9B9842B8BF184634E7B8
:10BB60000123524631462846B84701303FF42BAFF7
:10BB700009F10109E8E7099B002B39DC1B4A012385
:10BB800031462846B84701303FF41DAFDDE9093999
:10BB900059EA030302D12368D907D7D5DDE9042385
:10BBA00031462846B84701303FF40DAF4FF0000A48
:10BBB00004F11A0B099B5B42534501DC4B4693E7AA
:10BBC00001235A4631462846B84701303FF4FBAEC0
:10BBD0000AF1010AEEE700BFFFFFEF7FE8FA000875
:10BBE000E4FA0008F0FA0008ECFA0008F4FA000899
:10BBF000A36DDDF828A05345A8BF5346002B9946F6
:10BC000036DC4FF0000B29EAE97904F11A02A36D42
:10BC10000693A3EB09035B4531DC099B9A453ADCAB
:10BC20002368DA0737D4099BAAEB0309069BAAEB22
:10BC300003039945A8BF9946B9F1000F33DC4FF0D3
:10BC4000000829EAE97904F11A0B099BAAEB03031E
:10BC5000A3EB090343457FF779AF01235A463146E9
:10BC60002846B84701303FF4AEAE08F10108ECE7D2
:10BC7000424631462846B8470130C2D1A3E60123E7
:10BC8000314628460692B84701303FF49CAE069AEA
:10BC90000BF1010BBBE7DDE9042331462846B84729
:10BCA0000130C0D18FE6069A4B46424431462846C1
:10BCB000B8470130C3D186E6DDF828A0BAF1010FFC
:10BCC00001DCDB0736D50123424631462846B8471A
:10BCD00001303FF478AEDDE9042331462846B84709
:10BCE00001303FF470AED4E91201002200230AF1C2
:10BCF000FF3AF4F7D1FEC0B9534608F101023146CC
:10BD00002846B84701300CD15DE601235A4631463A
:10BD10002846B84701303FF456AE08F10108D04537
:10BD2000F3DB4B4604F15002DFE64FF0000804F16C
:10BD30001A0BF4E701234246E1E701234A46314664
:10BD40002846B84701303FF43EAE08F10108E368E9
:10BD50000B995B1A4345F0DCFCE64FF0000804F158
:10BD60001909F4E70FB407B5064904AB086853F89E
:10BD7000042B8168019300F031F803B05DF804EB07
:10BD800004B070473C0000209368013B002B10B4C6
:10BD9000936008DA9469A34201DB0A2903D15DF8B4
:10BDA000044B00F033B91368581C10601970084632
:10BDB0005DF8044B7047F8B506460F461446D51893
:10BDC000AC4201D1002007E014F8011B3A4630468E
:10BDD000FFF7DAFF431CF3D1F8BD00002DE9F04F67
:10BDE0000D469DB014469846064618B1036A0BB935
:10BDF00000F0D8FC6B6ED90705D4AB899A0502D444
:10BE0000A86D01F0A6FCAB891B0701D52B699BB976
:10BE10002946304600F038F970B16B6EDC0704D566
:10BE20004FF0FF301DB0BDE8F08FAB899805F7D417
:10BE3000A86D01F08FFCF3E70023099320238DF810
:10BE40002930CDF80C803023DFF8AC818DF82A3012
:10BE50004FF0010923469A4613F8012B0AB1252A0F
:10BE6000F9D1BAEB040B0BD05B462246294630468B
:10BE7000FFF7A1FF013000F0A780099A5A44099208
:10BE80009AF80030002B00F09F8000234FF0FF3223
:10BE9000CDE905230AF1010A049307938DF8533085
:10BEA0001A935446052214F8011B5348F4F778F905
:10BEB000049AD8B9D10644BF20238DF85330130714
:10BEC00044BF2B238DF853309AF800302A2B15D01D
:10BED000079A544600204FF00A0C214611F8013B06
:10BEE000303B092B4BD9B0B1079214E0A0EB08030B
:10BEF00009FA03F313430493A246D2E7039B191DE7
:10BF00001B680391002BBBBF5B4242F00202079308
:10BF10000793B8BF049223782E2B0AD163782A2B7B
:10BF200032D1039B1A1D1B68039243EAE373023468
:10BF30000593DFF8D4A0217803225046F4F730F9B6
:10BF400038B1049BA0EB0A00402282401343013425
:10BF5000049314F8011B29488DF828100622F4F7E1
:10BF60001FF900283FD0264B1BBB039B073323F050
:10BF7000070308330393099B3B4409936AE70CFBCF
:10BF800002320C460120A8E700230134059319462C
:10BF90004FF00A0C204610F8012B303A092A03D939
:10BFA000002BC6D00591C4E70CFB012104460123F8
:10BFB000F0E703AB00932A46124B04A93046FFF783
:10BFC000A7FC0746781CD6D16B6ED90705D4AB8980
:10BFD0009A0502D4A86D01F0BDFBAB895B063FF565
:10BFE0001FAF09981EE703AB00932A46054B04A92F
:10BFF000304600F015F9E4E7F6FA000800FB000807
:10C0000011B90008B7BD0008FCFA0008F8B50E46E3
:10C010001446054618B1036A0BB900F0C3FBA369C7
:10C02000A360A3891A0701D5236943B9214628468D
:10C0300000F02AF818B14FF0FF373846F8BD2368F2
:10C040002269981A6369F6B28342374605DC2146B5
:10C05000284600F0E5FA0028EDD1A368013BA36073
:10C0600023685A1C22601E706269431C9A4204D0E5
:10C07000A389DB07E1D50A2EDFD12146284600F04F
:10C08000CFFA0028D9D0D6E738B5294B054618682D
:10C090000C4618B1036A0BB900F084FBB4F90C30FC
:10C0A000190722D4DA0607D409222A6043F0400394
:10C0B000A3814FF0FF3033E0580712D5616B41B1D7
:10C0C00004F14403994202D0284601F0F7FA002314
:10C0D0006363A38923F02403A3810023636023699E
:10C0E0002360A38943F00803A38123694BB9A38983
:10C0F00003F42073B3F5007F03D02146284601F0F6
:10C1000055FBB4F90C3013F001020AD00022A260F2
:10C1100062695242A261226942B913F08000C5D11E
:10C1200038BD990758BF6269A260F4E70020F7E7BD
:10C130003C000020024B01461868826801F0CABC2E
:10C140003C0000202DE9F047164698468A680B69A6
:10C15000DDF820909342B8BF1346336091F8432036
:10C1600007460C460AB1013333602368990642BF83
:10C17000336802333360256815F0060506D104F1F3
:10C18000190AE36832689B1AAB4226DC94F8433004
:10C190002268003B18BF012392062BD404F143020E
:10C1A00041463846C84701301ED02368226903F053
:10C1B0000603042B02BFE5683368ED1AA3680CBFC1
:10C1C00025EAE57500259342C4BF9B1AED180026A9
:10C1D0001A34B5421AD1002008E0012352464146E4
:10C1E0003846C847013003D14FF0FF30BDE8F08733
:10C1F0000135C6E7E1185A1C302081F8430022447B
:10C2000094F8451082F843100233C7E70123224611
:10C2100041463846C8470130E6D00136D9E700002C
:10C220002DE9FF470F7E0C9E782F914680460C46E5
:10C230009A4601F1430207D8622F0AD8002F00F076
:10C24000D180582F00F0B88004F1420684F8427083
:10C250003AE0A7F16303152BF6D801A151F823F0BA
:10C26000B9C20008CDC2000849C2000849C200088E
:10C2700049C2000849C20008CDC2000849C20008EE
:10C2800049C2000849C2000849C20008CBC30008DF
:10C29000F7C2000885C3000849C2000849C2000867
:10C2A000EDC3000849C20008F7C2000849C20008EF
:10C2B00049C200088DC3000833681A1D1B6832602C
:10C2C00004F1420684F8423001239CE03368206880
:10C2D000191D3160060601D51D6803E04506FBD532
:10C2E000B3F90050002D03DA2D236D4284F843305A
:10C2F00058480A2311E021683368080653F8045BA4
:10C3000002D4490648BFADB26F2F5248336014BF04
:10C310000A230823002184F843106668A660002ED3
:10C3200005DB21682E4321F0040121604BD0164625
:10C33000B5FBF3F103FB1157C75D06F8017D2F46EE
:10C34000BB420D46F4D9082B0BD12368DF0708D573
:10C35000236961689942DEBF302306F8013C06F18B
:10C36000FF36921B2261CDF800A04B4603AA21465E
:10C370004046FFF7E7FE01304AD14FF0FF3004B0EE
:10C38000BDE8F087236843F0200323603248782714
:10C3900084F84570236831681F0651F8045B02D4A5
:10C3A0005F0648BFADB23160D90744BF43F02003F8
:10C3B00023601DB11023ADE72648E9E7236823F089
:10C3C00020032360F6E71646BDE7336825686169F8
:10C3D000181D30602E061B6801D5196002E0680642
:10C3E000FBD51980002323611646BCE733681A1D6C
:10C3F00032601E68626800213046F3F7D1FE08B152
:10C40000801B606063682361002384F84330AAE7DF
:10C410002369324649464046D0470130ADD02368B3
:10C420009B0713D4E068039B9842B8BF1846A6E761
:10C430000123324649464046D04701309DD0013560
:10C44000E36803995B1AAB42F2DCEBE7002504F1E9
:10C450001906F5E707FB000818FB0008036A70B52A
:10C46000846805460E460BB900F09CF9636EDB0745
:10C4700005D4A389980502D4A06D01F06AF9A389B7
:10C48000190702D52369002B35D121462846FFF72D
:10C49000FBFD80B34FF0FF35636EDA0705D4A38947
:10C4A0009B0502D4A06D01F055F9284670BD002B04
:10C4B00004DAA2699A4217DC0A2915D023685A1CAB
:10C4C00022601970A36816F8011F013BA3600029C0
:10C4D000EDD1002B11DA22460A212846FFF796FDFE
:10C4E0000130D7D00A25D7E722462846FFF78EFD30
:10C4F0000130E7D1CEE7013EE4E723685A1C226011
:10C500000A221A70EEE70000024B01461868FFF796
:10C51000A5BF00BF3C000020B1F90C202DE9F0417F
:10C52000160705460C4654D44B68002B02DC0B6CF6
:10C53000002B48DDE66A002E45D0002312F480521D
:10C540002F68216A2B6030D0626DA389590705D509
:10C550006368D21A636B0BB1236CD21A0023E66AAC
:10C56000216A2846B047431CA38906D129681D29A2
:10C570002BD82A4ACA40D60727D500226260D904A0
:10C580002269226004D5421C01D12B6803B9606581
:10C59000616B2F60B9B104F14403994202D028467F
:10C5A00001F08CF8002363630DE001232846B047B7
:10C5B0000246501CC9D12B68002BC6D01D2B01D0C0
:10C5C000162B1ED12F60002022E043F040031BB247
:10C5D0001BE00F69002FF6D093070E6808BF4B6968
:10C5E0000F6018BF0023A6EB07088B60B8F1000F9F
:10C5F000E9DD216AA66A43463A462846B047002844
:10C6000008DCB4F90C3043F04003A3814FF0FF3055
:10C61000BDE8F0810744A8EB0008E7E701004020EF
:10C6200038B50B6905460C4613B90025284638BDB8
:10C6300018B1036A0BB900F0B5F8B4F90C30002B4F
:10C64000F3D0626ED00704D4990502D4A06D01F036
:10C6500080F828462146FFF75FFF636EDA0705463C
:10C66000E4D4A3899B05E1D4A06D01F073F8DDE764
:10C670000A44914200F1FF3300D1704710B511F820
:10C68000014B03F8014F9142F9D110BD002310B5C1
:10C690000446C0E90033C0E9043383608181436606
:10C6A000C2818361194608225C3000F0D1FF0D4B36
:10C6B00063620D4BA3620D4BE3620D4B23630D4B85
:10C6C00024629C4206D003F16802944202D0D03327
:10C6D0009C4205D104F15800BDE8104001F038B883
:10C6E00010BD00BF7DC800089FC80008D7C800085B
:10C6F000FBC80008582A0020024A0349034800F0FA
:10C700006FBF00BF8C00002021C600084000002041
:10C7100041680C4B994210B5044601D0FFF780FFE9
:10C72000A168094B994202D02046FFF779FFE168E2
:10C73000064B994204D02046BDE81040FFF770BF79
:10C7400010BD00BF582A0020C02A0020282B00203E
:10C7500010B50B4B0B4C0C4A1A60204600220421EA
:10C76000FFF794FF04F1680001220921FFF78EFF13
:10C7700004F1D0000222BDE810401221FFF786BF6D
:10C78000902B0020582A0020F9C60008014800F02C
:10C79000E0BF00BF952B0020014800F0DBBF00BFC9
:10C7A000952B002010B50446FFF7F0FF236A1BB15C
:10C7B000BDE81040FFF7F0BF044B2362044B1B6839
:10C7C000002BF5D1FFF7C4FFF2E700BF11C7000847
:10C7D000902B00200CB430B5174B0C1E1D689DB07B
:10C7E00008DA8B232B604FF0FF301DB0BDE83040DE
:10C7F00002B070474FF40273ADF8143014BF04F167
:10C80000FF332346049307934FF6FF73029006907D
:10C81000ADF81630209A21AB02A92846019301F009
:10C820005DF8431CBCBF8B232B60002CDDD0029B2A
:10C8300000221A70D9E700BF3C0000200EB400B5FA
:10C840009CB01DAB029006906FF000410948079123
:10C850000491094953F8042B05910068019302A93A
:10C8600001F03CF8029B00221A701CB05DF804EB4A
:10C8700003B070473C0000200802FFFF10B50C46D3
:10C88000B1F90E1000F082FE0028ABBF636DA389E2
:10C890001B1823F48053ACBF6365A38110BD2DE941
:10C8A000F0411F468B89DB0505460C46164605D52B
:10C8B000B1F90E100223002201F03AFAA389B4F96B
:10C8C0000E1023F48053A38132463B462846BDE830
:10C8D000F04100F06DBE10B50C46B1F90E1001F03C
:10C8E00027FA431CA38915BF606523F4805343F4E2
:10C8F0008053A38118BFA38110BDB1F90E1001F0C0
:10C900001DB92DE9F74F03690C69A34207467EDB89
:10C91000013C01F11408A30000F11405009305EB9C
:10C920008403019358F8243055F8242001339A42A7
:10C9300008EB8409B2FBF3F62ED34FF0000AC4468D
:10C94000AE46D3465CF8043B98B206FB00A0020C4E
:10C950001B0C06FB0323DEF8002080B292B2121AF1
:10C960005A44DEF800004FEA134A9BB2C3EB22435D
:10C9700003EB104392B242EA0342E1454EF8042B26
:10C980004FEA234BDED2009BEB582BB9019B043BB3
:10C990009D421A462FD33C61384601F06BFC0028BB
:10C9A00025DB2946002058F8042BD1F800C01FFAD7
:10C9B00082FE1FFA8CF3A3EB0E030344120CC2EBAE
:10C9C000234202EB1C429BB243EA0243C14541F8B9
:10C9D000043B4FEA2240E6D255F8242005EB8403BD
:10C9E00022B9043B9D421A460BD33C6101363046C6
:10C9F00003B0BDE8F08F1268043B002ACBD1013CA4
:10CA0000C6E71268043B002AEFD1013CEAE70020A8
:10CA1000EEE70000000000002DE9F04FC76999B073
:10CA20008DED040B55EC104B229E099183460E921E
:10CA300013937FB9102001F091F80246CBF81C0047
:10CA400020B9A54BEF21A54801F032F9C0E90177E3
:10CA50000760C760DBF81C30196859B15A684A6032
:10CA6000012393408B60584601F0D2F9DBF81C306B
:10CA700000221A602B1EB9BF23F000430593002348
:10CA80003360059F964BBCBF01223260BB4312D17D
:10CA9000139A42F20F731360C7F31303234300F09A
:10CAA0004385239BDFF84CA2002B00F045850AF15B
:10CAB000030300F03FBD9DED047B002251EC170BFA
:10CAC00000238DED0C7BF3F7E7FF804658B1139AF6
:10CAD00001231360239B13B1239A824B1360DFF869
:10CAE00018A200F029BD9DED0C0B16AA17A95846F7
:10CAF00001F070FCC7F30A568146002E77D00D9BDB
:10CB0000CDF85080C3F31303DDE90C0143F07F53EC
:10CB100043F44013A6F2FF3619460022724BF3F796
:10CB20009BFB67A3D3E90023F3F74EFD66A3D3E98C
:10CB30000023F3F793FB044630460D46F3F7DAFC87
:10CB400063A3D3E90023F3F73FFD02460B462046DB
:10CB50002946F3F783FB04460D46F3F7E5FF002271
:10CB60000746002320462946F3F7A0FF40B1384688
:10CB7000F3F7C0FC22462B46F3F78EFF00B9013FC6
:10CB8000162F51D8594B03EBC703D3E90023DDE936
:10CB90000C01F3F78BFF002848D0013F00231293CC
:10CBA000169B9B1B5A1E44BFC3F101080023089229
:10CBB00054BF4FF000080893002F39DB089B0F97F4
:10CBC0003B44089300230A93099B092B61D8052B4A
:10CBD000C4BF043B0993099BA3F10203CCBF00240B
:10CBE0000124032B61D8DFE803F05052352ADDE938
:10CBF00016631E4406F23243202BC1BFC3F140032B
:10CC00009F4006F2124324FA03F3D6BFC3F1200378
:10CC100047EA030004FA03F0F3F75CFC0122A1F1F8
:10CC2000F873013E149277E70123B8E71290B7E753
:10CC30007B420A930023A8EB07080F93C4E7012364
:10CC40000B930E9BFB1800930133012B0393B8BF8A
:10CC5000012306E001230B930E9B002B28DD00939C
:10CC60000393DBF81C000021042202F114059D420D
:10CC700023D94160584601F08BF8824600283DD107
:10CC80001B4B024640F2AF11DDE60023E3E7002331
:10CC9000D6E70124002309930B944FF0FF33009350
:10CCA0000393002212230E92DBE701230B93F4E798
:10CCB0000123009303931A46F5E701315200D4E7AC
:10CCC00061436F63A787D23FB3C8608B288AC63F92
:10CCD000FB799F501344D33F36FB00084DFB0008FF
:10CCE0000000F07FF5FA00080000F83F90FD000812
:10CCF000A6FB000832FB0008F4FA0008DBF81C3041
:10CD00001860039B0E2B00F2A180002C00F09E8087
:10CD1000002F33DD9C4B07F00F0203EBC20393EDB2
:10CD2000007BF8058DED067B4FEA271416D5974B4F
:10CD3000DDE90C01D3E90823F3F770FDCDE9040127
:10CD400004F00F040326914D54B9DDE90623DDE913
:10CD50000401F3F763FDCDE9040128E00226F2E7C0
:10CD6000E10708D5DDE90601D5E90023F3F72CFC3E
:10CD7000CDE90601013664100835E5E700F0AF8023
:10CD80007C42814B814D04F00F0203EBC203D3E9D7
:10CD90000023DDE90C01F3F717FCCDE904012411B0
:10CDA00000230226002C40F08F80002BD3D1129B51
:10CDB000DDE90445002B00F09480754B00222046ED
:10CDC0002946F3F773FE002800F08B80039B002BAD
:10CDD00000F08780009B002B34DD7B1E06932046ED
:10CDE0006C4B00222946F3F7EFFBCDE90401009CD0
:10CDF00001363046F3F77EFBDDE90423F3F7E4FB6D
:10CE0000654B0022F3F72AFA0546A1F15076002C73
:10CE10006AD1DDE90401614B0022F3F71DFA0246F5
:10CE20000B46CDE904232A463346F3F75DFE00287E
:10CE300040F08782DDE904012A4606F10043F3F75A
:10CE400035FE38BBDDE90C34CDE90434179B002BEB
:10CE5000C0F258810E2F00F355814B4B03EBC703F3
:10CE600093ED007B0E9B002B8DED007B80F2E58027
:10CE7000039B002B00F3E1800CD1484B002251ECC6
:10CE8000170BF3F7A1FBDDE90423F3F723FE0028DA
:10CE900000F05582002425460E9BDB430693564640
:10CEA00000272146584600F0B3FF002D00F0BD805A
:10CEB0002FB1AF4203D03946584600F0A9FF2946AA
:10CEC000584600F0A5FFB0E0E20705D5D5E90023FC
:10CED000F3F77AFB013601236410083562E7022676
:10CEE00065E7039C069784E7274B0B9903EBC40384
:10CEF00053E902235444002954D029490020F3F770
:10CF00008DFC33462A46F3F7A7F9CDE910015646C2
:10CF1000DDE90401F3F708FE0546F3F7EBFA0246F4
:10CF20000B46DDE90401F3F797F9303502460B466D
:10CF3000CDE9042306F8015BDDE91023F3F7B6FD24
:10CF4000002872D1DDE9042311490020F3F784F9A8
:10CF5000DDE91023F3F7AAFD002840F0B480A642D3
:10CF60003FF470AFDDE910010A4B0022F3F72CFB10
:10CF7000084BCDE910010022DDE90401F3F724FBA1
:10CF8000CDE90401C4E700BF90FD000868FD00087A
:10CF90000000F03F0000244000001C40000014404E
:10CFA0000000E03F31462846F3F70EFBCDE91001C3
:10CFB00015945646DDE90401F3F7B6FD0546F3F78F
:10CFC00099FA02460B46DDE90401F3F745F93035DD
:10CFD00006F8015B02460B46A642CDE904234FF05A
:10CFE000000224D1AB4BDDE91001F3F737F902461B
:10CFF0000B46DDE90401F3F777FD002863D1DDE995
:10D000001023A4490020F3F727F902460B46DDE977
:10D010000401F3F74BFD00283FF414AF159E731E77
:10D02000159316F8013C302BF8D0069F3BE09A4B45
:10D03000F3F7CAFACDE90401BCE7DDE90445564639
:10D04000DDE9002320462946F3F7E8FBF3F76CFD02
:10D050008046F3F74FFADDE90023F3F7B5FA02460D
:10D060000B462046294608F13004F3F7F5F806F898
:10D07000014B039DA6EB0A04A54202460B4634D1A0
:10D08000F3F7ECF8DDE9002304460D46F3F72CFD39
:10D09000C0B9DDE9002320462946F3F7FDFC10B1B5
:10D0A00018F0010F0ED14946584600F0B1FE00239A
:10D0B0003370139B01371F60239B002B00F03C82D1
:10D0C0001E6039E2069733461E4613F8012D392AB1
:10D0D00007D19A45F8D1069A0132069230228AF891
:10D0E00000201A7801321A709FE76B4B0022F3F789
:10D0F0006BFA0022002304460D46F3F7CDFC00280E
:10D100009ED0D0E70B9A002A00F0E180099A012A0C
:10D1100000F3C480149A002A00F0B78003F233436E
:10D120000A9C4646089A01211A4458469844089297
:10D1300000F022FF05465EB1089B002B08DDB342DC
:10D14000089AA8BF3346A8EB0308F61AD31A089327
:10D150000A9BF3B10B9B002B00F0BD808CB12946DC
:10D160002246584600F0C0FF4A460146054658464A
:10D1700000F018FF49460690584600F049FE069B0D
:10D1800099460A9B1A1B04D04946584600F0ACFF4A
:10D1900081460121584600F0EFFE0F9B0446002B0C
:10D1A00000F0CE811A460146584600F09DFF099BCB
:10D1B000012B044600F39580049B002B40F08D80EA
:10D1C000059BC3F31303002B40F08980059B23F0DC
:10D1D00000431B0D1B052BB1089B0133089308F17D
:10D1E000010801230A930F9B002B00F0AF812369F4
:10D1F00004EB8303186900F073FEC0F12000089B64
:10D20000184410F01F0077D0C0F12003042B6BDD11
:10D21000089BC0F11C000344804406440893B8F105
:10D22000000F05DD49464246584600F0B7FF8146EB
:10D23000089B002B05DD21461A46584600F0AEFF3C
:10D240000446129B002B59D02146484601F012F8A3
:10D25000002853DA7B1E0693494600230A225846CB
:10D2600000F0F8FD0B9B8146002B00F0718100233C
:10D2700029460A22584600F0EDFD009B002B05468A
:10D2800067DC099B022B41DC63E0169BC3F136038C
:10D2900046E700BF0000E03F00002440039B5C1E07
:10D2A0000A9BA34209DB1C1B039B002BBFF639AF73
:10D2B000039BA8EB0306002334E70A9B0F9A0A940A
:10D2C000E31A1A440F92039B464600242AE70A9C5D
:10D2D0000B9D46462FE70A9A56E7002382E7049BF8
:10D2E00080E700230A9382E799D0089A1C331A44F6
:10D2F00098441E44089292E70346F6E7039B06977C
:10D30000002B20DC0093099B022B1EDD009B002BD1
:10D310007FF4C2AD21460522584600F09BFD014630
:10D320000446484600F0A6FF00287FF7B5AD5646F4
:10D33000312306F8013B069B01330693B0E5039CBD
:10D3400006972546F3E7039B00930B9B002B00F009
:10D350000381002E05DD29463246584600F01EFFA7
:10D3600005460A9B002B5AD06968584600F010FD0C
:10D37000064628B9834B024640F2EF21FFF763BB14
:10D380002A690232920005F10C010C30FFF770F9A6
:10D3900001223146584600F001FF0AF101030393D0
:10D3A000009B53440B93049B03F001032F460A9305
:10D3B0000546039B2146013B48460093FFF7A1FA2F
:10D3C0003946049000F13008484600F053FF2A46E1
:10D3D00008902146584600F069FFC268064602BB25
:10D3E0000146484600F046FF0246314658460E9236
:10D3F00000F00EFD099B0E9A039E42EA03010A9B70
:10D40000194310D1B8F1390F29D0089B002B02DD48
:10D41000049B03F13108009B83F8008041E5284616
:10D42000BBE70122E1E7089B002B04DB09990B43D2
:10D430000A990B4320D1002AEDDD494601225846C6
:10D4400000F0ACFE2146814600F014FF002803DC0A
:10D45000E1D118F0010FDED0B8F1390FD8D1009A20
:10D460003923137033461E46013B16F8012C392A26
:10D4700051D001321A7014E5002A07DDB8F1390FD6
:10D48000EDD0009A08F1010313700AE5039B0B9A93
:10D4900003F8018C934228D0494600230A225846BB
:10D4A00000F0D8FCAF4281464FF000034FF00A0273
:10D4B0003946584607D100F0CDFC07460546039B88
:10D4C0000133039375E700F0C5FC294607460023A6
:10D4D0000A22584600F0BEFC0546F0E7009B002BF0
:10D4E000CCBF1E4601265644002749460122584615
:10D4F00000F054FE2146814600F0BCFE0028B1DC5D
:10D5000002D118F0010FADD133461E4613F8012D9C
:10D51000302AFAD0C5E49A45A5D1069B013306937B
:10D5200031238AF80030BCE4239BDFF85CA01BB1F8
:10D530000AF10803239A1360504619B0BDE8F08F32
:10D54000099B012B7FF738AE0F9B0A93012056E60B
:10D55000009B002B7FF7D7AE564621464846FFF783
:10D56000D0F900F1300806F8018B009BA6EB0A0207
:10D570009342B3DD494600230A22584600F06AFC74
:10D580008146EAE7A6FB000829FB000838B5074DED
:10D5900004460846114600222A601A46F5F7F8F8B4
:10D5A000431C02D12B6803B1236038BD982B0020A7
:10D5B00038B5074D04460846114600222A601A462F
:10D5C000F3F73AFB431C02D12B6803B1236038BD4B
:10D5D000982B0020014B1868704700BF3C000020CA
:10D5E0002DE9F8430746884614460026D4E90195FC
:10D5F000B9F1010905D52468002CF7D13046BDE802
:10D60000F883AB89012B07D9B5F90E30013303D06C
:10D6100029463846C04706436835E9E7884210B5D1
:10D6200001EB020402D98442234607D8431EA142DB
:10D6300008D011F8012B03F8012FF8E70244014646
:10D640008A4200D110BD13F8014D02F8014DF7E7F1
:10D6500002440346934200D1704703F8011BF9E7E7
:10D660002DE9F041074614460D4621B9BDE8F041C9
:10D67000114600F09DBA2AB900F020F82546284648
:10D68000BDE8F08100F0FEFE8442064602D8B4EB0D
:10D69000500FF4D82146384600F08AFA804608B97F
:10D6A0004546ECE7B4422246294628BF3246FEF7FB
:10D6B000DFFF2946384600F001F8F1E738B50546A6
:10D6C000002941D051F8043C0C1F002BB8BFE418CE
:10D6D00000F052FB1D4A136833B96360146028469A
:10D6E000BDE8384000F04EBBA34208D9206821189D
:10D6F0008B4201BF19685B6809182160EDE71A4683
:10D700005B680BB1A342FAD911685018A0420BD143
:10D7100020680144501883421160E0D118685B68AA
:10D72000536008441060DAE702D90C232B60D6E777
:10D73000206821188B4204BF19685B68636004BFCE
:10D74000091821605460CAE738BD00BFA02B002033
:10D7500070477047704700000048704788010020FC
:10D7600070B50C46B1F90E10002996B015461E464C
:10D770000DDAA38913F0800F4FF0000114BF40238E
:10D780004FF48063002031602B6016B070BD6A4694
:10D7900000F0ACFA0028ECDB019901F47041A1F52E
:10D7A0000053594259414FF48063EBE78B89F7B539
:10D7B0009D0706460C4607D504F147032360236105
:10D7C0000123636103B0F0BD01AB6A46FFF7C8FFF8
:10D7D000009F05463946304600F0EAF948B9B4F9E9
:10D7E0000C309A05EED423F0030343F00203A38127
:10D7F000E2E7A389206043F08003A381019BC4E991
:10D8000004075BB1B4F90E10304600F081FA28B17C
:10D81000A38923F0030343F00103A381A3891D43DC
:10D82000A581CFE72DE9F0478E681F46BE420B6801
:10D8300082460C4690462DD8B1F90C2012F4906F18
:10D8400026D06569096905EB4505A3EB010905EBE0
:10D85000D5757B1C4B446D109D4238BF1D4653054A
:10D8600027D5294600F0A4F9064660B321694A4647
:10D87000FEF7FEFEA38923F4906343F08003A381A7
:10D88000266165614E44A5EB09052660A5603E460C
:10D89000BE4200D93E46206832464146FFF7BEFEF2
:10D8A000A3689B1BA3602368334423600020BDE86A
:10D8B000F0872A46FFF7D4FE06460028E0D121690A
:10D8C0005046FFF7FBFE0C23CAF80030A38943F053
:10D8D0004003A3814FF0FF30E9E700002DE9F04F4E
:10D8E00098468B891B069DB007460D46144610D5F9
:10D8F0000B6973B9402100F05BF92860286130B9E9
:10D900000C233B604FF0FF301DB0BDE8F08F40238B
:10D910006B610023099320238DF82930CDF80C800A
:10D920003023DFF89C818DF82A304FF0010923461F
:10D930009A4613F8012B0AB1252AF9D1BAEB040B48
:10D940000BD05B46224629463846FFF76BFF013075
:10D9500000F0A780099A5A4409929AF80030002BE7
:10D9600000F09F8000234FF0FF32CDE905230AF13C
:10D97000010A049307938DF853301A9354460522F5
:10D9800014F8011B4E48F2F70BFC049AD8B9D006E4
:10D9900044BF20238DF85330110744BF2B238DF84B
:10D9A00053309AF800302A2B15D0079A544600209D
:10D9B0004FF00A0C214611F8013B303B092B4BD9A3
:10D9C000B0B1079214E0A0EB080309FA03F3134384
:10D9D0000493A246D2E7039B191D1B680391002BF9
:10D9E000BBBF5B4242F0020207930793B8BF0492A9
:10D9F00023782E2B0AD163782A2B32D1039B1A1D50
:10DA00001B68039243EAE37302340593DFF8C0A076
:10DA1000217803225046F2F7C3FB38B1049BA0EBF8
:10DA20000A004022824013430134049314F8011B7E
:10DA300024488DF828100622F2F7B2FB002836D0D1
:10DA4000214B1BBB039B073323F0070308330393CE
:10DA5000099B334409936AE70CFB02320C46012010
:10DA6000A8E700230134059319464FF00A0C20461D
:10DA700010F8012B303A092A03D9002BC6D00591A2
:10DA8000C4E70CFB012104460123F0E703AB00933C
:10DA90002A460E4B04A93846FDF73AFF421C0646BB
:10DAA000D6D1AB895B063FF52DAF09982CE703ABC8
:10DAB00000932A46054B04A93846FEF7B1FBEDE773
:10DAC000F6FA000800FB000811B9000825D8000884
:10DAD000FCFA000870B50D461446064618B1036AF4
:10DAE0000BB9FEF75FFE636ED80705D4A3899905CD
:10DAF00002D4A06DFFF72DFEA368013B002BA360AD
:10DB000005DAA269934212DBEBB20A2B0FD023682D
:10DB10005A1C22601D70EDB2636EDA0705D4A3892A
:10DB20009B0502D4A06DFFF715FE284670BD29465F
:10DB300022463046FEF76AFA0546EDE738B5064D4F
:10DB40000023044608462B60F4F732FE431C02D142
:10DB50002B6803B1236038BD982B0020024B01468F
:10DB6000186800F025B800BF3C00002070B50F4ECB
:10DB70000C463168054611B900F0A0FC3060214622
:10DB8000284600F09BFC431C03D14FF0FF34204695
:10DB900070BDC41C24F00304A042F8D0211A28460A
:10DBA00000F08CFC0130F2D1EFE700BF9C2B00208D
:10DBB0002DE9F843CD1C25F0030508350C2D38BFA1
:10DBC0000C25002D064601DBA94204D90C23336045
:10DBD0000020BDE8F883DFF8D48000F0CDF8D8F855
:10DBE00000301C4644BB29463046FFF7BFFF431CAC
:10DBF000044658D1D8F800402746002F43D1002CC6
:10DC00004BD023683946304604EB030900F056FC3C
:10DC1000814542D121686D1A29463046FFF7A6FF9B
:10DC200001303AD023682B442360D8F800305A687A
:10DC300062BBC8F800700FE02268521B20D40B2A88
:10DC400017D96119A342256018BF5960636808BFDE
:10DC5000C8F8001062514B60304600F093F804F1B0
:10DC60000B00231D20F00700C21A1CBF1B1AA35073
:10DC7000AFE76268A3420CBFC8F800205A60EBE728
:10DC800023466468AEE73C467F68B6E71A465B68A1
:10DC9000A342FBD100235360DEE70C233360304600
:10DCA00000F070F894E70560D6E700BFA02B0020D5
:10DCB0001FB514461A46094B1B680546D8684CB177
:10DCC000074B0091CDE9013406492B4600F042F89C
:10DCD00000F011FC044B1C46F3E700BF3C000020A1
:10DCE000B7FB0008C4FB0008F2FB000838B5074D7D
:10DCF00000230446084611462B60F4F75CFD431CE4
:10DD000002D12B6803B1236038BD00BF982B0020DF
:10DD100038B5064D0023044608462B60F4F750FD45
:10DD2000431C02D12B6803B1236038BD982B00201F
:10DD300038B5074D04460846114600222A601A46A7
:10DD4000F4F740FD431C02D12B6803B1236038BDBA
:10DD5000982B00200EB403B5014603AB054853F8D9
:10DD6000042B00680193FEF739F802B05DF804EB6C
:10DD700003B070473C0000200148FFF7EABC00BF39
:10DD8000942B00200148FFF7E5BC00BF942B002036
:10DD900070B5C66904460D4676B91020FFF7DEFE61
:10DDA0000246E06120B9184B18486B21FFF780FF4D
:10DDB000C0E901660660C660E669F36883B1E3699D
:10DDC000DB6853F82500B8B9012101FA05F6721D88
:10DDD0009200204600F05EFB60B1C0E901560EE003
:10DDE00021220421204600F055FBE369F060DB6846
:10DDF000002BE4D1002070BD026843F825200023E9
:10DE0000C0E90333F7E700BF36FB0008F3FB000867
:10DE100070B5C66905460C4676B91020FFF79EFE20
:10DE20000246E86120B9094B09488F21FFF740FFFE
:10DE3000C0E901660660C6603CB1EB696268DB68F8
:10DE400053F82210216043F8224070BD36FB0008D1
:10DE5000F3FB00082DE9F0410D6907460C461E460C
:10DE600001F1140C0020DCF8003099B202FB0161D2
:10DE70001E0C0B0C02FB063389B2013001EB03418F
:10DE800085424CF8041B4FEA1346ECDC0EB3A36842
:10DE9000AB4219DC616838460131FFF779FF8046F3
:10DEA00028B902460C4B0D48BA21FFF701FF226941
:10DEB000023204F10C0192000C30FEF7D9FB21462E
:10DEC0003846FFF7A5FF444604EB850301355E6144
:10DED00025612046BDE8F081A6FB0008F3FB0008A1
:10DEE000B0F5803F034636BF030400201020B3F195
:10DEF000807F3CBF1B020830B3F1805F3CBF1B0139
:10DF00000430B3F1804F3CBF9B000230002B05DB97
:10DF100013F0804F00F1010008BF20207047036814
:10DF2000024613F007000BD0D90721D4980749BF48
:10DF30005B089B08012013605CBF136002207047E0
:10DF400099B209B91B0C1020D9B209B908301B0AC3
:10DF5000190704BF1B090430990704BF9B0802304E
:10DF6000D90703D45B0800F1010003D013607047A8
:10DF7000002070472020704710B50C460121FFF7A4
:10DF800007FF024628B9054B054840F24511FFF747
:10DF90008FFE01234461036110BD00BFA6FB000892
:10DFA000F3FB00082DE9F04F17460A693B699A42D6
:10DFB000A8BF3B468946A4BF0F4699463D69D9F89C
:10DFC00010A0BB68796805EB0A06B34285B0B8BFFC
:10DFD0000131FFF7DDFE30B90246414B41484FF4B5
:10DFE000B171FFF765FE00F1140404EB860E2346C1
:10DFF0000022734520D307F1140809F1140108EB3E
:10E00000850501EB8A030293EB1B153B23F0030309
:10E0100004331537BD4238BF04230193029B03919B
:10E020008B420CD8002E03DD5EF8043D002B55D04A
:10E03000066105B0BDE8F08F43F8042BD9E7B1F8CD
:10E0400000A0BAF1000F1FD0C446A14600275CF81B
:10E05000042BD9F800301FFA82FB9BB20AFB0B336A
:10E060003B44D9F80070120C3F0C0AFB027202EB21
:10E0700013429BB243EA0243654549F8043B4FEA29
:10E080001247E4D8019BE750039BB3F80290043198
:10E09000B9F1000F20D023684746A4464FF0000A8C
:10E0A000B7F800B0BCF8022009FB0B2252449BB227
:10E0B00043EA02434CF8043B57F8043B4FEA134A47
:10E0C000BCF8003009FB0A3303EB1243BD424FEAB0
:10E0D000134AE5D8019AA35004349FE7013EA1E713
:10E0E000A6FB0008F3FB00082DE9F843154612F0E3
:10E0F000030207460E4607D0254C013A002354F888
:10E100002220FFF7A7FE0646AD103DD0FC697CB982
:10E110001020FFF723FD0246F86128B91D4B1E4869
:10E1200040F2B311FFF7C4FDC0E901440460C460CC
:10E13000D7F81C80D8F808404CB940F27121384615
:10E14000FFF71AFF0023C8F80800044603604FF0E9
:10E150000009EB070AD5314622463846FFF722FF71
:10E16000314680463846FFF753FE46466D100BD0C9
:10E17000206838B9224621463846FFF713FF206051
:10E18000C0F800900446E4E73046BDE8F88300BFDD
:10E1900058FD000836FB0008F3FB00082DE9F047A6
:10E1A0000C464968236903EB6218A3680746914649
:10E1B0004FEA621A08F10106B3420BDB3846FFF75B
:10E1C000E7FD054648B90246284B29484FF4EF7150
:10E1D000FFF76EFD01315B00EEE7002300F1140153
:10E1E00000F110021846534533DB20692AEAEA7A27
:10E1F00004F1140319F01F0901EB8A0103EB800CF1
:10E200002BD0C9F1200E8A460022186800FA09F0C6
:10E2100010434AF8040B53F8042B9C4522FA0EF2E3
:10E22000F3D8ACEB0403153B23F00303043304F1F0
:10E230001500604588BF0423CA500AB108F10206E0
:10E24000013E38462E612146FFF7E2FD2846BDE833
:10E25000F08742F8040F0133C5E7043953F8042B63
:10E2600041F8042F9C45F9D8EAE700BFA6FB000857
:10E27000F3FB00080A6903460069801A30B50ED125
:10E280001433143103EB820401EB820154F8045D72
:10E2900051F8042D954203D005D24FF0FF3030BD28
:10E2A000A342F3D3FBE70120F9E700002DE9F74F84
:10E2B00089460646114648461446FFF7DBFF051E11
:10E2C00012D129463046FFF763FD024628B93F4B7D
:10E2D00040F237213E48FFF7EBFC0123C0E904354B
:10E2E000104603B0BDE8F08FBCBF4B46A146304698
:10E2F000D9F80410BABF1C4601250025FFF748FDD8
:10E30000024618B9314B40F24521E3E7D9F81070C5
:10E310002669C56009F1100309F1140504F1140E12
:10E3200000F1140B05EB87080EEB86060193D94626
:10E330004FF0000C019B5EF8040B53F804AF0193FF
:10E340001FFA8AF3194683B2CB1A000C6344C0EB60
:10E350001A4000EB23409BB243EA0043764549F85C
:10E36000043B4FEA204CE5D8331B153B23F0030355
:10E3700015340433A64238BF04231D445B441E46B3
:10E380002C4644450ED308F10301491B21F003013B
:10E39000033DA84538BF00210B4453F8041D91B13B
:10E3A00017619DE754F8041BE646080C1CFA81FC33
:10E3B000714400EB2C4089B241EA004146F8041B4D
:10E3C0004FEA204CDDE7013FE7E700BFA6FB00086E
:10E3D000F3FB00082DE9F7430F46012159EC108BA0
:10E3E0001646FFF7D5FC044630B90246234B2448B5
:10E3F00040F20F31FFF75CFCC9F30A55C9F3130370
:10E400000DB143F480130193B8F1000323D06846A3
:10E410000093FFF784FDDDE90012D0B1C0F12003C5
:10E4200002FA03F30B43C24063610192019BA361B3
:10E43000002B0CBF012202222261A5B1A5F23345B7
:10E4400005443D60C0F135003060204603B0BDE8B2
:10E45000F0836161EAE701A8FFF761FD019B636159
:10E4600020300122E8E704EB8203A0F2324038605A
:10E470001869FFF735FDC0EB4210E5E7A6FB000881
:10E48000F3FB000851F8043C181F002BBCBF0B58CD
:10E49000C018704770B5A1FB025434B92946FFF784
:10E4A00087FB064628B9304670BD0C220260002664
:10E4B000F9E72A462146FFF7CBF8F4E738B5064DD1
:10E4C0000023044608462B60F4F72EF9431C02D1C2
:10E4D0002B6803B1236038BD982B00200346084603
:10E4E00041B1FF2A04D98A221A604FF0FF307047E9
:10E4F0000A700120704708B5062000F03DF80120A1
:10E50000F4F740F982B001B901A942B14BB11378D7
:10E510000B601278101E18BF012002B07047104621
:10E52000FBE76FF00100F8E71F2938B505460C46F8
:10E5300004D9162303604FF0FF3038BDC26B12B10F
:10E5400052F821304BB9284600F030F822460146F7
:10E550002846BDE8384000F017B8012B0AD0591CF6
:10E5600003D1162303600120E7E7002142F82410BD
:10E57000204698470020E0E7024B01461868FFF765
:10E58000D3BF00BF3C00002038B5074D0023044630
:10E59000084611462B60F4F7EDF8431C02D12B68B6
:10E5A00003B1236038BD00BF982B0020F4F7E0B81A
:10E5B0002DE9F047089D0E4604460F46002B4AD130
:10E5C00094468C45B2FA82F260D942B1C2F120037E
:10E5D000974020FA03F30CFA02FC1F4394404FEAE1
:10E5E0001C4E1FFA8CF6B7FBFEF1230C0EFB1177C5
:10E5F00043EA074301FB06F098420AD91CEB0303E8
:10E6000001F1FF3780F01581984240F21281023902
:10E6100063441B1AA4B2B3FBFEF00EFB103344EAB2
:10E62000034400FB06F6A6420AD91CEB040400F1E1
:10E63000FF3380F00081A64240F2FD80644402383E
:10E6400040EA0140A41B00211DB1D4400023C5E9CC
:10E650000043BDE8F0878B4205D90DB1C5E9000143
:10E6600000210846F5E7B3FA83F1002946D1B34209
:10E6700002D3824200F2F580841A66EB0302012085
:10E680001746002DE5D0C5E90047E2E7002A40F033
:10E690009380A1EB0C034FEA1C471FFA8CFE01216B
:10E6A000B3FBF7F607FB1630230C43EA00430EFBDF
:10E6B00006F0984208D91CEB030306F1FF3802D29A
:10E6C000984200F2D08046461B1AA4B2B3FBF7F082
:10E6D00007FB103344EA03440EFB00FEA64508D9AD
:10E6E0001CEB040400F1FF3302D2A64500F2B68011
:10E6F0001846A4EB0E0440EA0640A5E7C1F1200746
:10E700008B4022FA07FC4CEA030C06FA01FE20FAC1
:10E7100007F426FA07F344EA0E0400FA01F84FEA78
:10E720001C404FEA1449B3FBF0FE1FFA8CF600FBC5
:10E730001E3349EA03430EFB06F9994502FA01F23A
:10E740000BD91CEB03030EF1FF3A80F0858099454D
:10E7500040F28280AEF1020E6344A3EB0909A4B239
:10E76000B9FBF0F300FB139944EA094403FB06F6F6
:10E77000A64208D91CEB040403F1FF3068D2A6427C
:10E7800066D9023B644443EA0E40A41BA0FB02E6A8
:10E79000B4427346B14652D34FD05DB1B8EB0302D9
:10E7A00064EB090404FA07F722FA01F31F43CC4093
:10E7B000C5E9007400214CE7C2F1200120FA01F301
:10E7C0000CFA02FC26FA01F1964033434FEA1C474B
:10E7D0001FFA8CFEB1FBF7F007FB1016190C41EA8B
:10E7E000064100FB0EF68E4204FA02F408D91CEB37
:10E7F000010100F1FF382DD28E422BD9023861443D
:10E80000891B9BB2B1FBF7F607FB161143EA0143E4
:10E8100006FB0EF1994208D91CEB030306F1FF3801
:10E8200014D2994212D9023E63445B1A46EA00416F
:10E8300036E73946EDE6184602E7F045ADD2BEEBC5
:10E84000020366EB0C060138B146A6E74646ECE744
:10E85000034698E74046D3E7D6467EE7644402384D
:10E8600047E708460DE7023E63442DE7F8B500BFD1
:10E87000F8BC08BC9E467047F8B500BFF8BC08BCA1
:04E880009E467047F9
:10E88800212121204552524F52202121210D0A4396
:10E898004F44453A20256C750D0A000048696768A1
:10E8A800737065656420554C50492050485920695B
:10E8B8006E69740D000000004869676873706565CB
:10E8C800642055544D492B2050485920696E69746D
:10E8D8000D00000046756C6C7370656564205048C7
:10E8E8005920696E69740D0025732025643A20410A
:10E8F8005353455254204641494C45440D0A0000A3
:10E9080020202020416C6C6F63617465642025753C
:10E91800206279746573206174206F66667365740C
:10E9280020256C7500000000677569642C206773EA
:10E938006E707369642C20676877636667312C2072
:10E94800676877636667322C206768776366673322
:10E958002C20676877636667340D000030782530AF
:10E96800386C582C2000000030782530386C580D51
:10E978000A0000002020536574204C696E6520430E
:10E988006F64696E670D00002020476574204C692C
:10E998006E6520436F64696E670D00002020536523
:10E9A8007420436F6E74726F6C204C696E652053CF
:10E9B800746174653A20445452203D2025642C200B
:10E9C800525453203D2025640D0A00002020536531
:10E9D8006E6420427265616B0D000000307825304E
:10E9E800386C5800202053435349206361736520D5
:10E9F800322028486E203C20446929206F72206309
:10EA080061736520332028486E203C20446F2920FC
:10EA18000D00000020205343534920636173652093
:10EA280031302028486F203C3E204469290D0000E1
:10EA380020205343534920636173652038202848B8
:10EA480069203C3E20446F290D00000020205343DC
:10EA5800534920636173652034204869203E20446F
:10EA68006E202852454144313029206F722063615D
:10EA78007365203920486F203E20446E2028575265
:10EA8800495445313029200D0000000020436F6DA6
:10EA9800707574656420626C6F636B2073697A6546
:10EAA800203D20302E205343534920636173652055
:10EAB80037204869203C2044692028524541443188
:10EAC8003029206F72206361736520313320486FCD
:10EAD800203C20446F2028575249543130290D00DA
:10EAE80020207475645F6D73635F72656164313093
:10EAF8005F636228292072657475726E202D310D4E
:10EB08000000000020207475645F6D73635F777286
:10EB180069746531305F6362282920726574757283
:10EB28006E202D310D00000020204D534320424F10
:10EB3800542052657365740D0000000020204D5369
:10EB48004320476574204D6178204C756E0D000098
:10EB580020205343534920434257206973206E6F46
:10EB6800742076616C69640D000000002020534316
:10EB7800534920436F6D6D616E64205B4C756E2543
:10EB8800755D3A2025730D0A0000000020205343CC
:10EB980053492072656A656374206E6F6E20524512
:10EBA800414431302F5752495445313020776974E8
:10EBB80068206C6172676520646174610D000000F3
:10EBC80020205343534920756E737570706F7274AB
:10EBD8006564206F72206661696C656420636F6D7F
:10EBE8006D616E640D00000020205343534920449A
:10EBF800617461205B4C756E25755D0D0A0000001F
:10EC080020205343534920756E737570706F72746A
:10EC1800656420636F6D6D616E640D002020534341
:10EC2800534920537461747573205B4C756E257558
:10EC38005D203D2025750D0A000000002020576149
:10EC4800726E696E672065787065637420534353EC
:10EC580049205374617475732062757420726563FA
:10EC6800656976656420756E6B6E6F776E2064617A
:10EC780074610D005465737420556E697420526573
:10EC880061647900496E7175697279004D6F6465C8
:10EC98005F53656C65637420360000004D6F6465D2
:10ECA8005F53656E7365203600000000537461720F
:10ECB800742053746F7020556E69740050726576B5
:10ECC800656E742F416C6C6F77204D656469756D46
:10ECD8002052656D6F76616C0000000052656164BA
:10ECE80020436170616369747931300052657175D0
:10ECF8006573742053656E73650000005265616426
:10ED080020466F726D617420436170616369747924
:10ED18000000000052656164313000005772697468
:10ED2800653130002530325820000000202025733E
:10ED380020636F6E74726F6C207265717565737481
:10ED48000D0A000020202573206F70656E65640D24
:10ED58000A000000204465766963650D0000000024
:10ED680020424F530D00000020436F6E666967759F
:10ED7800726174696F6E5B25755D0D0A0000000095
:10ED8800204F7468657220537065656420436F6E08
:10ED980066696775726174696F6E0D0020537472CD
:10EDA800696E675B25755D0D0A0000002044657675
:10EDB800696365205175616C69666965720D00004B
:10EDC800257320636F6E74726F6C20636F6D706C47
:10EDD8006574650D0A0000005553424420696E6948
:10EDE80074206F6E20636F6E74726F6C6C65722026
:10EDF80025752C20486967687370656564203D2017
:10EE080025750D0A0000000073697A656F6628751C
:10EE18007362645F6465766963655F7429203D2069
:10EE2800256C640D0A00000073697A656F662864B2
:10EE380063645F6576656E745F7429203D20256C78
:10EE4800640D0A0073697A656F662874755F666970
:10EE5800666F5F7429203D20256C640D0A00000050
:10EE680073697A656F662874755F656470745F731B
:10EE7800747265616D5F7429203D20256C640D0AEC
:10EE880000000000257320696E69740D0A000000F7
:10EE98002020517565756520455020253032582051
:10EEA80077697468202575206279746573202E2E21
:10EEB8002E0D0A004641494C45440D0020202020D3
:10EEC8005374616C6C20455020253032580D0A006F
:10EED80020202020436C656172205374616C6C2083
:10EEE800455020253032580D0A0000002020257397
:10EEF800000000002020436C656172206375727207
:10EF0800656E7420436F6E66696775726174696FA8
:10EF18006E2028257529206265666F7265207377D3
:10EF280069746368696E670D0A000000202020205C
:10EF3800456E61626C652052656D6F74652057611E
:10EF48006B6575700D0000002020202044697361F6
:10EF5800626C652052656D6F74652057616B6575CD
:10EF6800700D0000434F5252555054454400000064
:10EF78005553424420257320000000003A20257391
:10EF88002053706565640D0A000000002020536B53
:10EF980069707065642073696E6365207468657252
:10EFA80065206973206F7468657220534554555005
:10EFB80020696E2071756575650D000020205374F9
:10EFC800616C6C204550300D000000006F6E2045CC
:10EFD80050202530325820776974682025752062C2
:10EFE800797465730D0A0000202025732078666502
:10EFF800722063616C6C6261636B0D0A0000000033
:10F008003A2052656D6F74652057616B6575702085
:10F018003D2025750D0A000020536B6970706564EA
:10F028000D000000496E76616C69640042757320BA
:10F038005265736574000000556E706C756767657E
:10F0480064000000534F460053757370656E64008A
:10F05800526573756D65000053657475702052654F
:10F0680063656976656400005866657220436F6D54
:10F07800706C65746500000046756E632043616CB2
:10F088006C00000020207C007C0D000020204F70C8
:10F09800656E2045502025303258207769746820E5
:10F0A80053697A65203D2025750D0A0020204269A4
:10F0B8006E64204550202530327820746F206472A9
:10F0C800697665722069642025750D0A00000000C4
:10F0D8004E554C4C0D000000253034583A200000A5
:10F0E8004F4B00004641494C454400005354414CA5
:10F0F8004C45440054494D454F55540047657420CC
:10F108005374617475730000436C656172204665C1
:10F118006174757265000000526573657276656486
:10F1280000000000536574204665617475726500BF
:10F138005365742041646472657373004765742075
:10F1480044657363726970746F720000536574204C
:10F1580044657363726970746F7200004765742048
:10F16800436F6E66696775726174696F6E0000003F
:10F1780053657420436F6E66696775726174696F51
:10F188006E00000047657420496E7465726661639D
:10F198006500000053657420496E7465726661638A
:10F1A8006500000053796E6368204672616D6500E2
:10F1B80046756C6C000000004C6F77004869676802
:10F1C80000000000222A3A3C3E3F7C7F00000000FD
:10F1D8002B2C3B3D5B5D00004D4F44453A20555379
:10F1E800420D00004D4F44453A205245434F52448A
:10F1F8000D0000003031323334353637383941426A
:10F2080043444546000000002A2E6C6F670000004A
:10F2180046534B2D45454D005265636F726420532C
:10F22800746F7261676500004C5546542D41515505
:10F23800494C410046534B2D45454D20434443001E
:10F2480046534B2D45454D204D5343003230253014
:10F2580032642D253032642D253032642D2530322C
:10F26800642D253032642D253032642D25303364E9
:10F27800202530386C582D2530386C582D253038DD
:10F288006C582E6C6F6700004C4F47203A2025734E
:10F298000D0A000043414C3A207825642C20252E85
:10F2A800326620562C20252E326620410D0A000099
:10F2B8005B25386C755D20567265663A2025662098
:10F2C8006D560D0A252A634C5620203A20252E32E9
:10F2D8006620560D0A252A63485620203A20252EF6
:10F2E80031662056202F20252E316620410D0A2513
:10F2F8002A63565245463A202566206D560D0A2542
:10F308002A6354454D503A20252E326620C2B04318
:10F318000D0A0000000000000102030400000000C4
:10F328000000000001020304060708090006101681
:10F33800000610166669666F5F616C6C6F6300008B
:10F348006463645F656470745F6F70656E0000006D
:10F35800636865636B5F6477633200000000005088
:10F3680043000000040000000005000063646364BB
:10F378005F786665725F63620000000063646364BF
:10F388005F6F70656E0000007475645F6364635F2F
:10F398006E5F77726974655F666C757368000000EC
:10F3A80070726F635F7265616431305F636D6400B2
:10F3B80070726F635F777269746531305F636D6413
:10F3C800000000006D7363645F786665725F636256
:10F3D800000000006D7363645F636F6E74726F6C1E
:10F3E8005F786665725F6362000000006D73636436
:10F3F8005F6F70656E0000000B00000008F40008E5
:10F40800000000007CEC0008120000008CEC0008F2
:10F418001500000094EC00081A000000A4EC000895
:10F428001B000000B4EC00081E000000C4EC00083B
:10F4380025000000E4EC000803000000F4EC0008DC
:10F448002300000004ED0008280000001CED00085F
:10F458002A00000024ED0008757362645F636F6E14
:10F4680074726F6C5F786665725F6362000000009B
:10F478007475645F636F6E74726F6C5F78666572C3
:10F4880000000000757362645F656470745F78667D
:10F4980065720000757362645F656470745F6F7095
:10F4A800656E0000757362645F6F70656E5F65649A
:10F4B80070745F706169720071756575655F6576F6
:10F4C800656E740070726F636573735F6765745FF0
:10F4D80064657363726970746F72000070726F6331
:10F4E8006573735F7365745F636F6E666967000049
:10F4F80070726F636573735F636F6E74726F6C5F46
:10F508007265717565737400636F6E66696775728D
:10F518006174696F6E5F7265736574007475645F9A
:10F528007461736B5F657874000000007475645FC4
:10F53800696E6974000000002CF0000834F00008BF
:10F5480040F000084CF0000850F0000858F000089F
:10F5580060F0000870F0000880F0000844F200082D
:10F568001D3F0008953F0008993F00081940000812
:10F57800354100087D4200080000000050F20008F4
:10F58800714A000800000000854A0008994A0008EE
:10F598006D4B0008E54C00080000000074755F65BD
:10F5A8006470745F76616C69646174650000000062
:10F5B800747573625F696E697400000004F1000875
:10F5C80010F1000820F100082CF1000820F10008D3
:10F5D80038F1000844F1000854F1000864F100080B
:10F5E80078F100088CF100089CF10008ACF10008E3
:10F5F800B8F10008C0F10008C4F10008222A2B2C39
:10F608002E3A3B3C3D3E3F5B5D7C7F000103050796
:10F61800090E10121416181C1E000000435545410F
:10F628004141414345454549494941414592924FE8
:10F638004F4F5555594F554F9C4F9E9F41494F55D8
:10F64800A5A5A6A7A8A9AAABACADAEAFB0B1B2B3F9
:10F65800B4414141B8B9BABBBCBDBEBFC0C1C2C349
:10F66800C4C54141C8C9CACBCCCDCECFD1D14545FF
:10F678004549494949D9DADBDCDD49DF4FE14F4FDC
:10F688004F4FE6E8E85555555959EEEFF0F1F2F3CA
:10F69800F4F5F6F7F8F9FAFBFCFDFEFF7D1D010015
:10F6A800632C001E9601A01E5A01001F0806101F99
:10F6B8000606201F0806301F0806401F0606511FB1
:10F6C8000700591F521F5B1F541F5D1F561F5F1FE6
:10F6D800601F0806701F0E00BA1FBB1FC81FC91F76
:10F6E800CA1FCB1FDA1FDB1FF81FF91FEA1FEB1F0A
:10F6F800FA1FFB1F801F0806901F0806A01F080698
:10F70800B01F0400B81FB91FB21FBC1FCC1F0100D7
:10F71800C31FD01F0206E01F0206E51F0100EC1FF1
:10F72800F21F0100FC1F4E2101003221702110023E
:10F73800842101008321D0241A05302C2F04602C49
:10F748000201672C0601752C0201802C6401002D32
:10F75800260841FF1A03000061001A03E00017039E
:10F76800F8000703FF0001007801000130013201B1
:10F778000601390110014A012E01790106018001B3
:10F788004D004302810182018201840184018601C6
:10F798008701870189018A018B018B018D018E0107
:10F7A8008F0190019101910193019401F601960155
:10F7B8009701980198013D029B019C019D0120023F
:10F7C8009F01A001A001A201A201A401A401A60118
:10F7D800A701A701A901AA01AB01AC01AC01AE01C7
:10F7E800AF01AF01B101B201B301B301B501B50178
:10F7F800B701B801B801BA01BB01BC01BC01BE0127
:10F80800F701C001C101C201C301C401C501C4019E
:10F81800C701C801C701CA01CB01CA01CD01100146
:10F82800DD0101008E01DE011201F3010300F10187
:10F83800F401F401F8012801220212013A02090038
:10F84800652C3B023B023D02662C3F02400241020E
:10F85800410246020A015302400081018601550215
:10F8680089018A0158028F015A0290015C025D02E7
:10F878005E025F0293016102620294016402650202
:10F8880066026702970196016A02622C6C026D0299
:10F898006E029C01700271029D01730274029F0145
:10F8A80076027702780279027A027B027C02642C63
:10F8B8007E027F02A60181028202A90184028502DA
:10F8C80086028702AE014402B101B20145028D02EF
:10F8D8008E028F0290029102B7017B030300FD03A1
:10F8E800FE03FF03AC0304008603880389038A032D
:10F8F800B1031103C2030200A303A303C403080353
:10F90800CC0303008C038E038F03D8031801F20382
:10F918000A00F903F303F403F503F603F703F70307
:10F92800F903FA03FA0330042003500410076004B3
:10F9380022018A043601C1040E01CF040100C0046B
:10F94800D00444016105260400000000C700FC0043
:10F95800E900E200E400E000E500E700EA00EB006F
:10F96800E800EF00EE00EC00C400C500C900E600A6
:10F97800C600F400F600F200FB00F900FF00D60014
:10F98800DC00F800A300D800D7009201E100ED00E8
:10F99800F300FA00F100D100AA00BA00BF00AE00DF
:10F9A800AC00BD00BC00A100AB00BB0091259225B6
:10F9B800932502252425C100C200C000A9006325A3
:10F9C800512557255D25A200A500102514253425AD
:10F9D8002C251C2500253C25E300C3005A25542569
:10F9E80069256625602550256C25A400F000D00007
:10F9F800CA00CB00C8003101CD00CE00CF001825C9
:10FA08000C2588258425A600CC008025D300DF009E
:10FA1800D400D200F500D500B500FE00DE00DA0003
:10FA2800DB00D900FD00DD00AF00B400AD00B1007F
:10FA38001720BE00B600A700F700B800B000A80065
:10FA4800B700B900B300B200A025A0000904000067
:10FA5800090262000301008032080B000202020062
:10FA68000009040000010202000405240020010529
:10FA7800240100010424020605240600010705816B
:10FA88000308001009040100020A0000000705022B
:10FA9800024000000705820240000009040200023B
:10FAA80008065005070503024000000705830240C9
:10FAB8000000000012010002EF020140991903053D
:10FAC800000101020301000065B600088DB60008B8
:10FAD80095B60008B9B60008DDB60008494E4600DC
:10FAE800696E66004E414E006E616E003000232D37
:10FAF800302B2000686C4C0065666745464700302F
:10FB0800313233343536373839414243444546007B
:10FB1800303132333435363738396162636465667B
:10FB280000496E66696E697479004E614E005245EF
:10FB3800454E54206D616C6C6F632073756363650B
:10FB480065646564002F646174612F6A656E6B6912
:10FB58006E732F776F726B73706163652F474E55A5
:10FB68002D746F6F6C636861696E2F61726D2D31D2
:10FB7800332F7372632F6E65776C69622D637967B3
:10FB880077696E2F6E65776C69622F6C6962632F77
:10FB98007374646C69622F64746F612E63004261D0
:10FBA8006C6C6F6320737563636565646564002CB2
:10FBB8002066756E6374696F6E3A200061737365B1
:10FBC8007274696F6E2022257322206661696C65E4
:10FBD800643A2066696C6520222573222C206C69A2
:10FBE8006E65202564257325730A002F646174618E
:10FBF8002F6A656E6B696E732F776F726B737061A6
:10FC080063652F474E552D746F6F6C636861696E1D
:10FC18002F61726D2D31332F7372632F6E65776C80
:10FC280069622D63796777696E2F6E65776C696293
:10FC38002F6C6962632F7374646C69622F6D7072C4
:10FC480065632E63004300504F534958002E00004F
:10FC58002020202020202020202828282828202074
:10FC6800202020202020202020202020202020208C
:10FC78008810101010101010101010101010101004
:10FC880004040404040404040404101010101010E4
:10FC980010414141414141010101010101010101BD
:10FCA80001010101010101010101011010101010F1
:10FCB800104242424242420202020202020202028E
:10FCC80002020202020202020202021010101020B6
:10FCD800000000000000000000000000000000001C
:10FCE800000000000000000000000000000000000C
:10FCF80000000000000000000000000000000000FC
:10FD080000000000000000000000000000000000EB
:10FD180000000000000000000000000000000000DB
:10FD280000000000000000000000000000000000CB
:10FD380000000000000000000000000000000000BB
:10FD480000000000000000000000000000000000AB
:10FD580005000000190000007D0000000000000000
:10FD68000080E03779C34143176E05B5B5B89346AF
:10FD7800F5F93FE9034F384D321D30F94877825A7B
:10FD88003CBF737FDD4F1575000000000000F03F99
:10FD9800000000000000244000000000000059405E
:10FDA8000000000000408F40000000000088C340B1
:10FDB80000000000006AF8400000000080842E4126
:10FDC80000000000D01263410000000084D7974172
:10FDD8000000000065CDCD41000000205FA0024278
:10FDE800000000E876483742000000A2941A6D42ED
:10FDF800000040E59C30A2420000901EC4BCD642E0
:10FE080000003426F56B0C430080E03779C341438A
:10FE180000A0D8855734764300C84E676DC1AB4300
:10FE2800003D9160E458E143408CB5781DAF15441E
:10FE380050EFE2D6E41A4B4492D54D06CFF08044F9
:10FE4800F64AE1C7022DB544B49DD9794378EA440E
:08FE58004803FF7F01000000D8
:04FE6000150C000875
:04FE6400ED0B00089A
:10FE68000024F4000100000010000000F95300080D
:10FE7800D424002010000C0000000000FF00000047
:10FE880054FA000830F2000818F2000800000000D8
:10FE98003CF2000848F20008010000004000002081
:10FEA80000000000582A0020C02A0020282B00202B
:10FEB800000000000000000000000000000000003A
:10FEC800000000000000000000000000000000002A
:10FED800000000000000000000000000000000001A
:10FEE800000000000000000000000000000000000A
:10FEF80003000000582A0020430000000000000012
:10FF080000000000000000000000000000000000E9
:10FF18000000000000000000430000000000000096
:10FF280000000000000000000000000000000000C9
:10FF38000000000000000000430000000000000076
:10FF480000000000000000000000000000000000A9
:10FF58000000000000000000430000000000000056
:10FF68000000000000000000000000000000000089
:10FF78000000000000000000430000000000000036
:10FF88000000000000000000000000000000000069
:10FF98000000000000000000430000000000000016
:10FFA8000000000000000000000000000000000049
:10FFB80000000000000000004300000000000000F6
:10FFC8000000000000000000000000000000000029
:10FFD8000000000000000000DDE4000805E500085E
:10FFE8000000000057FC000855FC0008F2FB000860
:08FFF800F2FB0008F2FB000817
:020000040801F1
:10000000F2FB0008F2FB0008F2FB0008F2FB00081C
:10001000F2FB0008F2FB0008FFFFFFFFFFFFFFFFFE
:10002000FFFFFFFFFFFF000001004153434949006C
:1000300000000000000000000000000000000000C0
:100040000000000000000000000041534349490047
:1000500000000000000000000000000000000000A0
:0C00600000000000000000000000000094
:040000050800B73503
:00000001FF
