:020000040800F2
:100000000000012095970008690500086D050008AB
:10001000810500088505000889050008000000002A
:100020000000000000000000000000008D05000836
:1000300091050008000000009505000899050008DA
:10004000E5970008E5970008E5970008E5970008A0
:10005000E5970008E5970008E5970008E597000890
:10006000E5970008E5970008E5970008E597000880
:10007000E5970008E5970008E5970008E597000870
:10008000E5970008E59700089D05000800000000BE
:10009000000000000000000000000000E5970008DC
:1000A000E5970008E5970008E5970008E597000840
:1000B000E5970008E5970008E5970008E597000830
:1000C000E5970008E5970008E5970008E597000820
:1000D000E5970008E5970008E59700080000000094
:1000E000E5970008E5970008E59700080000000084
:1000F000000000000000000000000000E59700087C
:1001000000000000A9050008B5050008E5970008F3
:1001100000000000000000000000000000000000DF
:10012000C1050008E5970008E5970008E597000875
:10013000E59700080000000000000000000000003B
:10014000000000000000000000000000CD050008D5
:10015000E5970008E5970008E5970008E59700088F
:10016000E5970008E5970008000000000000000087
:10017000000000000000000000000000000000007F
:1001800000000000E59700080000000000000000EB
:04019000E5970008E7
:1001A000034613F8012B002AFBD1181A01387047B7
:1001B00001F0FF01102A2BDB10F0070F08D010F818
:1001C000013B013A8B422DD010F0070F42B3F6D11C
:1001D000F0B441EA012141EA014122F007047FF035
:1001E00000070023F0E80256083C85EA010586EA8C
:1001F000010685FA47F5A3FA87F586FA47F6A5FAC8
:1002000087F68EB9EED1F0BC01F0FF0102F00702D3
:1002100032B110F8013B013A83EA010313B1F8D17E
:100220000020704701387047002D06BF354603385F
:10023000073815F0010F07D1013015F4807F02BF98
:10024000013015F4C03F0130F0BC0138704700BFE9
:1002500053B94AB9002908BF00281CBF4FF0FF312D
:100260004FF0FF3000F00CB8ADF1080C6DE904CE92
:1002700009F058FFDDF804E0DDE9022304B070471F
:10028000704700BF0348044B834202D0034B03B1C5
:10029000184770478C0000208C00002000000000F0
:1002A0000548064B1B1AD90F01EBA301491002D0D8
:1002B000034B03B1184770478C0000208C000020CE
:1002C0000000000010B5064C237843B9FFF7DAFFB1
:1002D000044B13B10448AFF300800123237010BD19
:1002E0009000002000000000E0A3000808B5054BC6
:1002F0001BB105490548AFF30080BDE80840FFF792
:10030000CFBF00BF0000000094000020E0A3000861
:1003100008B572B6064E074D642428464FF40051C6
:1003200000F0EEFD306804FA00F001F071F8F4E737
:10033000AC0000200008024010B5002394B0CDE9C5
:100340000B33CDE90333CDE90533224901930D93F6
:100350000793086C204A40F080500864096C01F053
:100360008051019101990293136823F4404343F4AF
:1003700000431360136803F44043029302244FF4D4
:10038000800305204FF480311922CDE90E434FF44C
:10039000A873CDE90801CDE91023029801210422B8
:1003A000072308A8CDE912230A9100F039F978B99A
:1003B0000F210346CDE903144FF4805203A82146D0
:1003C000CDE90532079300F041FB08B914B010BD28
:1003D000FFF79EFF003802400070004008B500F0B3
:1003E000EBFFFFF7A9FF00F011F808F01DFC04F087
:1003F000EBFB04F0C3FC04F033FD05F053FA05F009
:10040000CDFA00F057F808F029FCFEE710B50022FD
:100410008CB0CDE90622CDE90822244B01920A9244
:10042000196B234C41F004011963196B01F00401AD
:10043000019101990292196B41F080011963196BC6
:1004400001F08001029102990392196B41F00101C0
:100450001963196B01F00101039103990492196B5F
:1004600041F008011963196B01F008010491049926
:100470000592196B41F0020119631B6B03F0020333
:10048000059320464FF40051059B00F035FD4FF4D5
:1004900000520123CDE9062306A9002200232046AD
:1004A000CDE9082300F038FC0CB010BD0038024044
:1004B0000008024010B50B480B4C00234FF4E1310B
:1004C0000C22C0E90041C0E90233C0E90432C0E9AE
:1004D000063301F081FA00B910BDBDE81040FFF706
:1004E00017BF00BFB0000020001001400000000056
:1004F00010B51B4A016888B000239142CDE9023350
:10050000CDE90433069301D008B010BD02F5943252
:100510000093506C40F010005064506C00F01000DC
:10052000009000980193136B0E4843F0020313638D
:10053000136B9FED097B03F0020301930322072352
:1005400002A98DED027BCDE90523019C00F0E4FBBF
:1005500008B010BDAFF30080C00000000200000032
:100560000010014000040240FEE700BF08B5034B45
:1005700001221A60FFF7CCFEFEE700BFAC000020AE
:10058000FEE700BFFEE700BFFEE700BF704700BF09
:10059000704700BF704700BF00F028BF014804F05B
:1005A00007BE00BFB0240020014808F013BA00BF06
:1005B00060250020014801F033B800BF1825002055
:1005C000014800F089BD00BF4C240020002001F04C
:1005D000E5BD00BF82B00C4B002100915A6C42F483
:1005E00080425A645A6C02F480420092009A01914F
:1005F0001A6C42F080521A641B6C03F08053019312
:10060000019B02B0704700BF00380240034AD2F895
:10061000883043F47003C2F88830704700ED00E082
:10062000002800F0D8812DE9F0410368DD0782B091
:1006300004462FD59D498A6802F00C02042A00F076
:10064000EC808A6802F00C02082A00F0E2806368FD
:10065000B3F5803F00F0EB80B3F5A02F00F073817D
:10066000924D2A6822F480322A602A6822F480227D
:100670002A60002B40F0E08000F0C4FE064605E052
:1006800000F0C0FE801B642800F200812B689F03ED
:10069000F6D423689D0728D5844A916811F00C0F81
:1006A00000F09B80916801F00C01082900F0918016
:1006B000E368002B00F00C817D4B7C4E01221A6018
:1006C00000F0A0FE054605E000F09CFE401B02285D
:1006D00000F2DC8033689F07F6D53368226923F087
:1006E000F80343EAC203336023681A075CD45D074A
:1006F0003AD56E4A136C13F0805340F08880019312
:10070000136C43F080531364136C03F08053019314
:10071000019B0125674E3368D80540F1A780A36887
:10072000012B00F0B780052B00F01D815F4E326F6A
:1007300022F001023267326F22F004023267002B8E
:1007400040F0AD8000F05EFE41F28838074605E0DB
:1007500000F058FEC01B404500F29880336F9B07A5
:10076000F6D4002D40F0F980A369CBB14F4DAA68B3
:1007700002F00C02082A00F0BC80022B4C4B4FF018
:1007800000021A6600F0F98000F03CFE044604E026
:1007900000F038FE001B022878D82B689B01F7D4A4
:1007A000002002B0BDE8F0816369FBB1404B3F4ED1
:1007B0000122C3F8802E00F025FE054604E000F07B
:1007C00021FE401B022861D8736F9B07F7D5236871
:1007D0008DE7526851023FF56BAF344A12689207B9
:1007E00038D5E268012A35D00120DAE7304A2F4EA9
:1007F000C2F8803E00F006FE054604E000F002FE6E
:10080000401B022842D8736F9F07F7D4DFE700250B
:1008100080E74A6851027FF51AAF244A12689203B2
:100820007FF538AF6268002A7FF434AFDCE71F4AF7
:10083000136843F48033136000F0E4FD1B4E05465B
:1008400004E000F0DFFD401B64281FD833689B03E1
:10085000F7D51EE7154920690A6822F0F80242EA36
:10086000C0020A601A077FF542AF9DE7336843F480
:100870008073336000F0C6FD07463368D9053FF545
:100880004EAF00F0BFFDC01B0228F6D9032002B016
:10089000BDE8F081054A136F43F00103136700F0D0
:1008A000B1FD024F064641F288380AE000380240A6
:1008B000000047420070004000F0A4FD801B40454E
:1008C000E4D83B6F9A07F7D5002D3FF44DAF44E0D5
:1008D000424A434E136000F095FD054604E000F0E7
:1008E00091FD401B0228D1D833689907F7D42368BB
:1008F000FBE6012B3FF478AF6B68E26903F48001FB
:1009000091427FF471AF226A03F03F0191427FF47C
:100910006BAF616A47F6C0721A40B2EB811F7FF479
:1009200063AFA26A520803F44031013AB1EB024FBF
:100930007FF45AAFE26A03F07063B3EB026F14BF47
:10094000012000202DE7264B1A6842F480221A600D
:100950001A6842F480321A606EE7214A136C23F061
:100960008053136400E71E4B1A6F42F004021A67AB
:100970001A6F42F001021A6791E700F043FD064644
:1009800005E000F03FFD801B02283FF67FAF2B689B
:100990009901F6D4D4E90731626A0B4343EA821322
:1009A000D4E90A2052080D4943EA0063013A43EAB8
:1009B000024301226B600A6600F024FD084D0446E4
:1009C00005E000F01FFD001B02283FF65FAF2B681B
:1009D0009A01F6D5E4E60120704700BF00004742C7
:1009E00000380240164908B58B6803F00C03042B4D
:1009F0001BD0082B01D0134808BD4A684B684968D2
:100A000013F4800302F03F0211D10E48C1F38811A4
:100A1000A1FB0001FFF71CFC094B5B68C3F301431A
:100A200001335B00B0FBF3F008BD074808BD064882
:100A3000C1F388110023A1FB0001FFF709FCEBE7DC
:100A4000003802400024F40040787D01002800F0C6
:100A50008780484A136803F007038B422DE9F04171
:100A60000D46044609D2CBB21370136803F0070396
:100A70008B4202D00120BDE8F0812368980714D58D
:100A8000590704D53C498A6842F4E0528A601A0743
:100A900004D539498A6842F460428A603649A068C0
:100AA0008A6822F0F00202438A60DF0721D562687B
:100AB000012A57D0931E012B2F4B1B684DD9990744
:100AC000D8D52D4EB36823F003031343B36000F071
:100AD00099FC41F28838074604E000F093FCC01B03
:100AE000404544D8B368626803F00C03B3EB820F4F
:100AF000F3D1204A136803F00703AB4206D9EBB2E7
:100B00001370136803F00703AB42B3D123685A078D
:100B100006D51949E0688A6822F4E05202438A60E7
:100B20001B0707D5144A2169936823F4604343EAFD
:100B3000C1039360FFF756FF0F4A104C92681049AB
:100B4000C2F303120346A25C0E48D34000680B6058
:100B500000F00EFC0020BDE8F0819801B1D489E7D7
:100B600001207047044B1B689E03AAD482E7032030
:100B700081E700BF003C02400038024000A40008AA
:100B80000000002008000020044B05499B68054A2E
:100B90000868C3F38223D35CD84070470038024012
:100BA00000000020F8A30008044B05499B68054A93
:100BB0000868C3F34233D35CD84070470038024022
:100BC00000000020F8A30008F0B5036813F0050F3B
:100BD00083B004460BD19D0742D41B0702D40020EA
:100BE00003B0F0BD484B227CC3F8E021F7E7474B48
:100BF000474E00229A6600F005FC054604E000F02E
:100C000001FC431B022B28D833681B01F7D4D4E91D
:100C100001131B0743EA81133C4AC6F884300123C1
:100C2000936600F0EFFB3A4E054604E000F0EAFB65
:100C3000431B022B11D833681F01F7D52368CAE77D
:100C400000F0E0FB41F2883706462B6F9A073CD450
:100C500000F0D8FB801BB842F7D9032003B0F0BDE9
:100C60002B4B2C4D002201921A6C42F080521A64D8
:100C70001B6C03F080530193019B2B6843F480733A
:100C80002B6000F0BFFB064604E000F0BBFB831BBB
:100C9000022BE2D82B68D805F7D51D4DE3682A6FE3
:100CA00012F4407203F4407112D08A4210D02B6FBC
:100CB000164A0121C2F8401E23F440730021C2F8F5
:100CC000401E2B672B6FD907BAD4E36803F4407139
:100CD000B1F5407F0CD00E498A6822F4F8128A6080
:100CE0000B4A116FC3F30B030B431367236874E7BD
:100CF0000748826823F0704121F4407122F4F81211
:100D00000A438260ECE700BF001047420000474200
:100D100000380240007000402DE9F04F00230C68BD
:100D2000DFF8C8A185B04FF0010B894602E001331E
:100D3000102B7DD00BFA03F202EA0408A243F6D18D
:100D4000D9F8041001F0030C5A0003250CF1FF360A
:100D50009540012E6FEA05056DD9BCF1030F40F0F7
:100D6000B48006680CFA02F235402A4311F4403F81
:100D70000260DCD000220392DAF8442042F4804280
:100D8000CAF84420DAF8442002F480420392039A1D
:100D900023F0030202F1804203F003060F2702F55D
:100DA0009C32B60007FA06FC4D4F9568B84225EA1A
:100DB0000C0515D007F58067B84274D0494FB8428A
:100DC00077D0DFF82CC1604579D0DFF828C16045C5
:100DD0000CBF4FF0040C4FF0070C0CFA06F635432D
:100DE0009560414A9268CE026FEA08053E4E54BFB4
:100DF0002A4048EA0202B260F2683B4E8F0254BFBA
:100E00002A4048EA0202F26072688E03364E54BFEE
:100E10002A4048EA020272603268C90303F1010302
:100E2000314954BF2A4048EA0202102B0A6081D19E
:100E300005B0BDE8F08F866806EA050ED9F80C60AB
:100E4000964046EA0E068660466826EA080EC1F31A
:100E500000169E4046EA0E064660C66806EA050E83
:100E6000D9F80860964046EA0E06BCF1020FC6604B
:100E70007FF477AFDE0800EB86060196376AD9F873
:100E80001060009703F0070E4FEA8E0E0F2706FA48
:100E90000EF607FA0EFE009F27EA0E0E019F46EAA5
:100EA0000E063E625DE74FF0010C0CFA06F6354384
:100EB00096E74FF0020C0CFA06F6354390E74FF038
:100EC000030C0CFA06F635438AE7C66806EA050EF7
:100ED000D9F80860964046EA0E06C66041E700BFB2
:100EE0000000024000080240003C0140003802407F
:100EF000000C02400010024002B9090481617047F1
:100F0000436901EA030221EA030141EA02418161E6
:100F1000704700BF38B5044600F074FA002C6BD05F
:100F200023680022022184F8351084F834201A68DE
:100F300022F0010205461A6005E000F063FA431B47
:100F4000052B37D823681A68D107F6D4D4E90120D5
:100F5000E16802430A43D4E90451A0692A430A43E1
:100F6000E1691D6802430A4331492940256A2A4341
:100F70000A43616A042924D01A605A6922F00702E0
:100F80001143D8B22B4A59611038A2FB0052120902
:100F900029496FF30903895CE1655F2888BF043341
:100FA0003F228A40A36500209A600123606584F88F
:100FB000353038BD03232022626584F83530184669
:100FC00038BDD4E90B512943114319605969A26A0C
:100FD00021F00701114341F00401002DD1D068B97F
:100FE000012A21D032F00202CBD1EA01C9D5402238
:100FF0000123626584F83530012038BDB0F5005F0B
:1010000004D0022AF3D9032AEFD0BAE7032AB8D8CA
:1010100001A050F822F000BFEF0F0008EB0F00080E
:10102000EF0F000829100008B5F1C07FA9D1DEE755
:101030003F8010F0ABAAAAAA10A4000870B490F8E0
:101040003440856D012C0AD090F835404FF0010CEA
:10105000644580F834C005D0002380F83430022085
:1010600070BC7047022680F835600468002646652B
:10107000266826F48026266063608368402B0EBFB6
:10108000A260A160E260C26D08BFE1603F239340AF
:10109000AB602368026C43F0160323601AB1236827
:1010A00043F008032360236843F00103002023601A
:1010B00070BC704790F83530022B03D08023436515
:1010C000012070470268052380F83530136823F04B
:1010D0000103002013607047F0B583B0674A876D45
:1010E000166800230193C36D3D6808229A402A4286
:1010F000044603D001680868400778D401229A406A
:101100002A4203D02168496908066AD404229A4019
:101110002A4203D02168096889075CD410229A40CA
:101120002A4203D021680868000741D420229A404F
:101130002A4214D021680868C00610D5BA6094F815
:101140003520052A63D00B6813F4802F0B687ED0FE
:10115000190340F18980E36B0BB120469847636D1A
:1011600023B3636DDA071AD522684549052384F84D
:1011700035301368A1FB061623F00103B60A13608D
:1011800002E01368DB0704D5019B0133B3420193EE
:10119000F7D90122002384F8352084F83430E36C39
:1011A00023B1204603B0BDE8F040184703B0F0BDBE
:1011B000BA600A6812F4802F0A6822D1D20503D4DB
:1011C0000A6822F008020A60226C002AAED020468B
:1011D0009047E36DAAE7BA60626D42F0040262656F
:1011E0009CE7BA60626D42F0020262658EE70868B1
:1011F00020F004000860BA60626D42F0010262658E
:101200007CE71103E0D5A26C002AE0D18EE70A68E2
:1012100022F016020A604A6922F080024A61226CBA
:101220003AB30A6822F008020A603F2202FA03F386
:10123000216DBB600122002384F8352084F834300E
:101240000029B3D0204603B0BDE8F040084713F4AE
:10125000807380D10A6822F010020A60012284F8AB
:10126000352084F8343076E7636C002B7FF475AF5B
:1012700075E7A26C002AD4D1D7E700BF0000002098
:10128000B5814E1B0749CA6803024FF6FF0003F4FD
:10129000E0630240134343F0BF6343F40033CB6089
:1012A000704700BF00ED00E01B4BDB68C3F3022377
:1012B00000B5C3F1070EBEF1040F03F1040C28BF03
:1012C0004FF0040EBCF1060F1CD9A3F1030C4FF034
:1012D000FF3303FA0CF322EA03024FF0FF3303FA61
:1012E0000EF321EA030303FA0CF313431B01002856
:1012F000DBB20ADB00F1604000F5614080F80033AA
:101300005DF804FB00229446E7E7044A00F00F0072
:10131000024413765DF804FB00ED00E0FCEC00E015
:10132000002807DB044A4109012300F01F00834025
:1013300042F82130704700BF00E100E00138B0F111
:10134000807F01D30120704710B44FF0E023074C99
:1013500058614FF0F00C84F823C00022072110469A
:101360009A615DF8044B1961704700BF00ED00E021
:1013700038B50E4A0E4B1278054618684FF47A734A
:10138000B3FBF2F3B0FBF3F0FFF7D8FF08B90F2D72
:1013900001D9012038BD0446024629464FF0FF30EE
:1013A000FFF782FF034B20461D6038BD040000207C
:1013B000000000200800002008B50B4B1A6842F41A
:1013C00000721A601A6842F480621A601A6842F465
:1013D00080721A600320FFF755FF0F20FFF7C8FF48
:1013E000FFF7F8F8002008BD003C0240034A044B18
:1013F00011681B780B441360704700BFF800002091
:1014000004000020014B1868704700BFF80000205E
:1014100038B50446FFF7F6FF631C054602D0044BBF
:101420001B781C44FFF7EEFF401BA042FAD338BDE7
:1014300004000020014BD3F8100A70470070FF1F12
:10144000014BD3F8140A70470070FF1F014BD3F80B
:10145000180A70470070FF1F90F83D30012B27D10C
:1014600003681449022280F83D20DA688B4242F07A
:101470000102DA6011D0B3F1804F0ED00E4A9342D0
:101480000BD002F58062934207D002F5806293424E
:1014900003D002F59A32934204D19A6802F007020F
:1014A000062A03D01A6842F001021A600020704731
:1014B00001207047000001400004004090F83C20EB
:1014C000012A6ED00346026830B40120022483F85A
:1014D0003C0083F83D40946824F47F4424F0770472
:1014E00094600C68602C76D011D8402C5BD02ED83C
:1014F000202C04D000F2888034F010011FD19168B4
:1015000021F07001214341F00701916016E0B4F52C
:10151000805F13D0B4F5005F33D0702C0FD1D1E9C8
:10152000015094682843CD6824F47F4140EA0520A7
:1015300008439060916841F077019160002001219B
:10154000002283F83D1083F83C2030BC7047502CBB
:10155000F5D14868CC68116A21F00A010843116A84
:1015600021F001011162916921F0F00141EA0411B9
:1015700091611062916821F0700141F05701916012
:10158000DCE7D1E9015094682843CD6824F47F4119
:1015900040EA052008439060916841F480419160E1
:1015A000CCE7022070474868CC68116A21F00A0134
:1015B0000843116A21F001011162916921F0F001E3
:1015C00041EA041191611062916821F0700141F0CB
:1015D00047019160B2E74868CC68116A21F0A00128
:1015E00041EA0011106A20F010001062906920F4A6
:1015F000704040EA043090611162916821F07001FE
:1016000041F06701916099E7302C3FF478AF96E79D
:10161000704700BF704700BF704700BF704700BFF2
:10162000036870B5DE681D69A907044601D5B207D5
:1016300051D4690701D572073AD42B0701D5300779
:1016400024D4EA0601D5F30610D4E80701D5F10742
:1016500057D42A0601D533065BD4680601D5710636
:101660005FD4AA0601D5B30642D470BD23686FF0DB
:1016700010021A6108222277DB6913F4407F2046AA
:1016800063D0FFF7C7FF00232377DEE723686FF0FF
:1016900008021A6104222277DB699907204651D19A
:1016A000FFF7B6FF2046FFF7B7FF00232377C8E711
:1016B00023686FF004021A61022222779B6913F4F7
:1016C000407F20463BD1FFF7A3FF2046FFF7A4FF52
:1016D00000232377B1E76FF002021A61012202773B
:1016E0009B699B0725D0FFF795FF00232377A0E791
:1016F00023686FF0200220461A61BDE8704000F0B8
:1017000001B923686FF001021A61204607F0A4FEB8
:101710009FE723686FF080021A61204600F0F4F81A
:101720009BE723686FF040021A612046FFF776FFBF
:1017300097E7FFF76DFF2046FFF76EFFD5E7FFF74E
:1017400069FFC5E7FFF766FFAFE7FFF761FF2046D8
:10175000FFF762FF97E700BF354A0368904210B475
:1017600040D0B0F1804F20D0A2F57C4290421CD0F6
:1017700002F58062904218D002F58062904245D016
:101780002C4A904215D002F58062904211D002F5A9
:10179000806290420DD00A688C68496923F080030A
:1017A0000B430360C462826210E04A6823F0700356
:1017B0001343CC684A6923F44073234323F0800326
:1017C0008C6813430A680360C46282620123436128
:1017D0000369DB0703D5036923F0010303615DF8A7
:1017E000044B70474C68CA6823F07003234323F40A
:1017F000407313434A6923F08003134303608B68EB
:10180000C3620B6883620B690363DFE74C68CA68D5
:1018100023F07003234323F4407313434A6923F0F6
:101820008003134303608B68C3620B688362CDE758
:10183000000001400040014050B310B590F83D3029
:10184000044603F0FF02F3B12146022384F83D3041
:1018500051F8040BFFF780FF012384F8463084F829
:101860003E3084F83F3084F8403084F8413084F8CA
:10187000423084F8433084F8443084F8453084F8AA
:101880003D30002010BD80F83C2003F023FBDBE757
:101890000120704790F83C20012A2FD003460268AF
:1018A000022030B483F83D0050680D68946820F041
:1018B0007000284350601248824212D0B2F1804F2B
:1018C0000FD0A0F57C4082420BD000F580608242B0
:1018D00007D000F58060824203D000F59A30824242
:1018E00004D1496824F080040C4394600020012254
:1018F00083F83D2083F83C0030BC704702207047DD
:1019000000000140704700BF704700BF02681169C6
:1019100038B50446C068A36821F4405101432069EA
:10192000116103436069D1680343E06921F4164102
:1019300021F00C0103430B43D3605369A069234991
:1019400023F4407303438A42536105D0204B9A42EB
:1019500002D0FFF719F901E0FFF726F9E269192132
:10196000B2F5004FD4E90053A0FB010113D09A0057
:101970009B0FFEF76DFC174AA2FB00135B09642165
:1019800001FB130000013230A2FB00201B0103EB1E
:101990005013AB6038BDDA184FF000035B41FEF71F
:1019A00057FC0C4AA2FB00314909642303FB1103D5
:1019B000DB003233A2FB0323C3F342121B0902EB09
:1019C000011203F4F8731344AB6038BD00100140FA
:1019D000001401401F85EB5170B310B590F84130F1
:1019E000044603F0FF0213B32268242384F8413035
:1019F000D36823F400532046D360FFF787FF2368A2
:101A0000196921F490411961596921F02A0159613C
:101A1000D96800224FF0200C41F40051D960626473
:101A200084F841C084F842C01046626310BD80F85B
:101A30004020FEF75DFDD7E7012070470C490D4AB5
:101A40000B6810B50C4C121B2BB11844904207D8F0
:101A50000860184610BD094B0B6018449042F7D936
:101A600007F014FF0C2303604FF0FF33184610BD3E
:101A7000FC0000200000012000100000282A0020A7
:101A8000224B30B4040103EB00101C59037A01F01F
:101A90007F0083421FD90332C9094FEA920223D043
:101AA000A3681B4D616A1B0658BF52002B8858BFA4
:101AB00092B213441944B1F5A07F0CD89BB23F30C9
:101AC00004EB80042B80C3F5A07343EA02436360F8
:101AD000012030BC70474FF0E023D3F8F03DDA0727
:101AE00000D500BE0020F4E7C2F30D0213445B00F2
:101AF000626A0F339BB29A42EAD2054A12881A44AC
:101B0000B2F5A07FE7DC6362E2E700BF18A400083B
:101B10000201002010B591F802C01B4C8B88000117
:101B20000CF07F02245819484FEA420E0EEBDC1EDF
:101B300000EB0E1EC3F30A03C878AEF80A308979A9
:101B40008EF80C1000F0030143EA8143013918BFFD
:101B5000012143EA01735FEADC1C43F400430CD12A
:101B600002F158014901103263500123D4F81C18C6
:101B700093400B43C4F81C3810BD02F148014901E1
:101B800043EA8253F0E700BF18A4000808010020D0
:101B90000001334B01F07F0CC9091B5810B460469B
:101BA0004FEA4C1C2DD103F5306130B90B685DF85C
:101BB000044B43EA42520A607047614408680028B7
:101BC000F4DAD3F8040840F40070C3F80408586944
:101BD0000006FCD5234C0868002A0CBF4FF0804259
:101BE000224602430A608A689207FCD502228A6074
:101BF000D3F804285DF8044B42F48062C3F804284B
:101C0000704703F5106190B9002A0C680CBF4FF0C3
:101C100000624FF0026222430A60800140F020001F
:101C200018611A699406FCD45DF8044B704761444E
:101C30000C68002CE8DA0C6844F000640C608C68D6
:101C40006406FCD5074C002A0A6808BF4FF08044A0
:101C500022430A608A689207FCD502228A60DCE788
:101C600018A400080000204070B500013C4DBDF8EC
:101C700010402D5861B93B483B4E00EB021044899F
:101C800036F81200844228BF0446001B26F81200D2
:101C9000012A4FEAC3434FEA411032D005F5306CB8
:101CA0000CEB000EDEF8102002F06042CEF810209F
:101CB000DEF8102013432343CEF810305CF80030D8
:101CC00043F004434CF800305CF8003003F4402348
:101CD000B3F5802F00D070BD224B03EB41131B7B6B
:101CE000012BF8D1D5F808285CF8003012F4807F79
:101CF0000CBF4FF000524FF0805213434CF80030AD
:101D000070BD05F51062161823433361135843F074
:101D100004431350135803F44023B3F5802F09D024
:101D2000002CD8D0D5F8342801238B401343C5F8B4
:101D3000343870BD0B4B03EB41131B7F012BEFD1EC
:101D4000D5F8083813F4807F13580CBF4FF00056B5
:101D50004FF0805633431350002CBCD0E2E700BF55
:101D600018A400080801002004010020604B61490C
:101D700000011B581A6C6FF30F028A420FD05E49A4
:101D80008A420CD001F580318A4208D04FF0E0231E
:101D9000D3F8F03DDB0740F1948000BE7047D3F8E4
:101DA000042842F00202C3F80428DA6842F0400234
:101DB000DA609A6B42F480329A631A6942F0010247
:101DC0001A611A69D007FCD41A69002AFCDA4B4957
:101DD000DA6809684A4822F4705242F4A0528142FB
:101DE000DA6022D2474A91426CD8474A91426CD27B
:101DF000464A91426CD8A2F5DB12A2F5BA52914242
:101E000069D8A2F5B712A2F55872914266D8404A35
:101E1000914266D23F4A914266D23F4A914234BFD4
:101E20004FF470514FF4605101E04FF4C051DA6843
:101E300022F470520A43DA60D3F8002842F0030219
:101E4000C3F80028D3F8002E22F00F02C3F8002EAA
:101E5000DA6842F00702DA60DA6822F0C04242F043
:101E60008042DA601A6822F0D00242F0C0021A60A2
:101E7000D3F800284FF4846042F00402C3F800282D
:101E800018611A699106FCD410221A611A69D206E7
:101E9000FCD458695A69214902435A6158685A6802
:101EA00002435A6099619A6842F080029A609A6887
:101EB00042F001029A60D3F8042822F00202C3F82B
:101EC000042870474FF4E051B1E74FF40051AEE7FA
:101ED0004FF41051ABE74FF42051A8E74FF43051C5
:101EE000A5E74FF44051A2E74FF450519FE700BFE0
:101EF00018A400080000544F0000315500000020D5
:101F00000048E801DF9DA30100366E013FA44C01AB
:101F1000807306010024F400C0E1E400143800805E
:101F2000084B03EB001393F90430002B08DB064940
:101F30005809012203F01F0302FA03F341F820308D
:101F4000704700BF18A4000800E100E00A4B03EB53
:101F5000001393F90430002B0DDB5A0907480121C7
:101F6000203203F01F0301FA03F340F82230BFF3DD
:101F70004F8FBFF36F8F704718A4000800E100E097
:101F80000301114A10B5D458104AD4F8003823F48C
:101F9000FE6343EA01139FED0A7B82B0C4F8003868
:101FA0000B4C00210123009182ED047B11836180A1
:101FB0001A46FFF759FE02B010BD00BFAFF3008014
:101FC000000000000000000018A400080801002024
:101FD00004010020084B094A000111701B5831B15F
:101FE00008225A619A6942F008029A6170479A6918
:101FF00022F008029A61704718A40008000100202E
:1020000070B58A880C46C2F30A0289780646FFF743
:1020100037FD054640B94FF0E023D3F8F03DDB072C
:1020200000D500BE284670BD30462146FFF772FD40
:10203000284670BD234B020103EB00109B5890F81B
:1020400008C04FF00112BCF1010F30B5C3F81C28D5
:1020500023D91D4801214FF0000E03EB411201313D
:10206000D2F8005B002DCCB205DAD2F8005B45F067
:102070009045C2F8005BD2F80059A0F82AE0002D84
:1020800005DAD2F8005945F09045C2F80059A44548
:10209000A0F83AE000F12000DFD80C484FEA4C0CE1
:1020A0000CF12F0210244FF484615A6204801961EC
:1020B0001A699106FCD410221A611A69D206FCD45E
:1020C00030BD00BF18A40008080100200201002054
:1020D00070B58E4601F07F01194E4FEA410C0CEBB2
:1020E000DE1C1C4606EB0C134FEA0C1C82B046F8B3
:1020F0000C2000224FEADE1E1C815A60A9B15A89C9
:10210000B4FBF2F302FB134292B205469BB24AB112
:1021100001339BB2284600947246FFF7A5FD0120CB
:1021200002B070BD002CF5D1F2E7064B0094724668
:1021300023F81E400123FFF797FD012002B070BD78
:1021400008010020040100200122FFF721BD00BF8B
:10215000114B000101F07F021B58C90903EB421328
:102160000CD1D3F8002B22F40012C3F8002BD3F8C3
:10217000002B42F08052C3F8002B7047D3F800299F
:1021800022F40012C3F80029D3F8002942F080524B
:10219000C3F80029704700BF18A400082DE9F04FCC
:1021A000A34F4FEA001A89B057F80A40A36966693D
:1021B00006EA030818F4805F814607EB0012A34685
:1021C00040F0E48118F4005F21D04FF400536361C4
:1021D000D4F808388DF81490C3F3410213F0060FB9
:1021E0001CBF023AB2FA82F24FF0000314BF520948
:1021F0000222012105A8CDF816308DF81510ADF892
:102200001E30CDF81A308DF8182002F053FA18F469
:10221000006F40F09081B8F1000FC0F2A38118F078
:10222000040F04D06568680700F13F82656018F00C
:10223000080F1BD07F4B1A7808236361D4F8083845
:10224000C3F30D23002A00F097800022CDF816205A
:10225000CDF81A200121069305A803238DF81490C8
:10226000ADF81E208DF8153002F024FA18F0100F8A
:1022700037D0A369CDF8088023F01003A3616E4B1B
:10228000226A02F00F05C2F30A16C2F34342013A72
:10229000052A69D8DFE802F00A463011680304F520
:1022A0008054664922680A6022684A60DBF814207C
:1022B000D0060ED557F80A40E2E704EB4514D4F8EF
:1022C000102B42F0C042C4F8102BDBF81420D006CB
:1022D000F0D4DBF81830DDF8088043F01003CBF8B9
:1022E000183018F4002F08F4802140F0AD80002948
:1022F00047D109B0BDE8F08F002DD7D1002ED5D140
:10230000216C4F4A9142D1D9D4F8082B48F22001D0
:102310000A42CBD012F0200F14BF21220122C4F8B0
:10232000082BC3E703EB45124FEA45185068002815
:1023300000F08B81324604F5805100F02FFD3E4BBA
:1023400003EB08014A89B242B0D9A0440A89D8F8FF
:10235000100B121A92B20A81002DA7D139490888B0
:102360000D80121A1A81A1E74FF0E022D2F8F02D69
:10237000D4079BD500BE99E7A26922F00802A261AA
:1023800063E707EB0A0357F80AA093F808B0BBF11C
:10239000000FAED0284FCDF808900AF510650AF569
:1023A00080560024DAF81838E340D90734D5AB68F2
:1023B000DA0725D50123AB6054B9224B5B883BB1CA
:1023C0000093012302981A462146FFF74DFC17E0BF
:1023D0004FF00003ADF81A300023CDF81630029B01
:1023E0008DF814304FF007038DF815303B8B0793B1
:1023F000012164F07F0305A88DF8183002F05AF926
:10240000AB681B0608D5DAF83438012202FA04FC5E
:102410001CEA030F40F05C810134A34505F120055F
:1024200006F5805607F12007BCD109B0BDE8F08F52
:1024300018A40008000100200801002088010020E5
:102440000930544F0401002007EB0A0357F80A40F3
:102450001E7A002E3FF44DAF4FF0000BC04DCDE97A
:10246000021AD846DA46D4F818380AF11001CB40DF
:10247000D9073CD504EB4A134FEA4A1BD3F8081B93
:102480000A071ED50B0440F12181236CB54848F2A0
:102490000801834298BF082104EB0B00B24BC0F83F
:1024A000081B06218DF8151093E8030008ABADF862
:1024B00016808DF8149003E90300012105A802F0AD
:1024C000F9F804EB0B03D3F8081BC8070FD501225A
:1024D000C3F8082BBAF1000F1BD1A44B1B88C3B162
:1024E00000935146134648465246FFF7BDFB0AF19A
:1024F000010AB24505F12005B5D1DDE9021A00292E
:102500003FF4F7AE07EB0A0357F80AA093F808B0B8
:1025100040E72B8907930121072305A8CDF81680F2
:10252000ADF81A808DF814908DF818A08DF815303C
:1025300002F0C0F8DBE74FF4006363610023ADF8FD
:102540001E30CDF81630CDF81A300121042305A82D
:102550008DF814908DF8153002F0ACF8B8F1000F3A
:10256000BFF65DAE4FF0004363610023ADF81E304F
:10257000CDF81630CDF81A300121052305A88DF8C5
:1025800014908DF8153002F095F848E64FF480531A
:10259000157A636180227248002107F097F9744A26
:1025A00000231370D4F8002822F4FE62C4F8002837
:1025B000D5B104EB43110133D1F8002BAB4242F00B
:1025C0000062C1F8002BF4D1002304EB4312013365
:1025D000D2F80019002905DAD2F8001941F090412B
:1025E000C2F80019AB42F0D14FF484632361236930
:1025F0009B06FCD4102323612369DE06FCD46D0006
:1026000009235C4A5C484FF001112F35C4F81C18AF
:10261000C4F81438C4F810386562A262D4F80039DE
:102620004F4A23F00303C4F80039D4F8103B43F0B9
:10263000C043C4F8103BA369402143F440235183B5
:10264000A361102351810380BCE5B1084A1E53F8F1
:1026500008E092B2002900F0A38001320EEB820064
:1026600004F5805C7246DCF8001042F8041B8242DC
:10267000F9D116F00302F1B212D004F5805C89079B
:10268000DCF800C080F800C044BF4FEA1C21417054
:10269000032A04BF4FEA1C4C80F802C053F808E03C
:1026A0000EEB060243F808204AE60023ADF81E3080
:1026B000CDF81630CDF81A300121022305A88DF887
:1026C00014908DF8153001F0F5FFAFE50821E3E631
:1026D0002B69C3F3C949B9F1000F54D0CDF80CA050
:1026E0004FF00008E24606E0314600F0EDFA08F14E
:1026F0000108C14544D02969204AAB6902EA830335
:102700007A8B89B28A4228BF0A469A4238D87869B9
:102710000028E9D19008431E39699BB2002841D0B6
:10272000013301EB830308469C4650F8043B3360B9
:102730006045FAD1634612F0030E5FFA82FC0BD0BB
:102740001CF0020F187806D0BEF1030F188804BFE2
:102750009B7840EA0340306011443961C7E700BF0D
:10276000080100200930544F880100200401002096
:10277000000100203001100002010020FCFF0300D6
:10278000D446DDF80CA02B69C3F31203002B7FF4B1
:1027900043AEDAF8343823EA0C03CAF834383BE69F
:1027A000704666E70B46C6E72DE9F04782B006465D
:1027B000BDF828C0B6F804E09DF82C00A3EB0C058A
:1027C000ADB263453CBF05EB4E05ADB20F46002DE3
:1027D0003BD0AE453DD3954228BF1546E64505D8CA
:1027E000ACEB0E0C1FFA8CFCE645F9D9F288D6F852
:1027F0000080AEEB0C03A5EB0E0EC2F30E0A9BB2EB
:10280000E6441EFB0AFE13FB0AF9012852461FFA92
:102810008EF40AFB0C811FFA89F925D19D422ED82E
:1028200015FB0AF39AB2C3F38D03581E80B2002B36
:1028300000F08180013001EB800051F8043B3B60E7
:102840008142FAD112F003026CD1284602B0BDE8F1
:10285000F0879E4594BFA3EB0E0373441FFA83FCDD
:10286000A6F80AC07546B6E79D424DD805FB02F2B0
:10287000384606F0DDFF284602B0BDE8F08729F0B3
:1028800003039A089EB2531E9BB242B1013301EB7F
:1028900083000B4653F8042B3A608342FAD119F0B7
:1028A00003091DD03144C9F10406B6B2A64228BFBF
:1028B00026460023A4EB060E4A4601A801931FFA00
:1028C0008EF406F0B5FF01AB5FFA86FA03EB090060
:1028D00026B14146524606F0ABFFD044019B3B6017
:1028E000002CB2D0A1084B1EE2B29BB229B3013337
:1028F00008EB830158F8043B3B604145FAD112F0E4
:102900000302A2D000230FE04A46384606F090FFAB
:102910003168224607EB090006F08AFF284602B01C
:10292000BDE8F0870023014601A8019306F080FF6F
:10293000019B3B6089E7084684E74146E2E700BF28
:102940002DE9F04F0446008966899C4683B2E07900
:10295000C0090F4685B0A188B6B20DD1B34236BFCB
:10296000C6EB4100981BC01880B288426FD3002587
:10297000284605B0BDE8F08F8A424AD3BCF1000F6B
:1029800040F08C80E388521AC3F30E0303FB0277F6
:102990000D46002DECD005EB06081FFA88F88E4294
:1029A000304603D3401A80B28842FBD2B4F806E026
:1029B0002368A1EB000BA5EB0109CEF30E028144C5
:1029C0001FFA8BFB19FB02F91BFB02FABCF1010F8A
:1029D00096461FFA89F902FB00301FFA8AFA3DD0A9
:1029E000AB4564D3394602FB05F206F021FFA1880E
:1029F00046454FEA410002D8B8EB410F03DBA8EB94
:102A000000001FFA80F82846A4F8088005B0BDE849
:102A1000F08FB34236BFC6EB41059D1BED18ADB23A
:102A20004800154485423BDB06EB01081FFA88F895
:102A3000A8EB02039BB29E4201D898427EDC1B1A8F
:102A40009EB202EB06081FFA88F81546A7E70D1A92
:102A5000ADB2954228BF15461E469AE7AB4532D324
:102A600012FB05F2C2F38D0C0CF1FF3392B29BB254
:102A7000BCF1000F7DD0013300EB830C3B6840F8C4
:102A8000043B6045FAD112F00302B1D03B680393D6
:102A900003A9604606F0CCFEA188A9E70D4678E7B9
:102AA00003EB02081FFA88F81E46154677E75246E0
:102AB000394606F0BDFE07EB0A0120684A4606F0DB
:102AC000B7FEA18894E72AF0030E4FEA9E014A1E42
:102AD0001FFA8EFE92B241B1013200EB820C024627
:102AE000396842F8041B6245FAD11AF0030220D07B
:102AF000C2F1040B1FFA8BFB3B680393CB4503A980
:102B0000704428BFCB46019206F092FE019A03ABB7
:102B1000A9EB0B0999181FFA89F923685FFA8BFA58
:102B2000BBF1000F05D01846524606F081FE034661
:102B30005344B9F1000F04D1A18859E71E46154648
:102B40002DE74FEA9900411E5FFA89F289B290B1F0
:102B5000013103EB8100396843F8041B8342FAD149
:102B600012F00302E8D03B68039303A906F060FE6D
:102B7000E2E7844687E71846F5E700BFB2F5004F65
:102B80009DF800C00ED8C3F30E0343EACC334FF0D8
:102B9000000CA0F80AC001608280C380A0F808C0C1
:102BA000012070470020704703894289808892B2D3
:102BB0009BB2934236BFC2EB40029B1A9B189BB25A
:102BC000984228BF184670470289438990B29BB249
:102BD000C01AB0FA80F04009704700BF03894289EB
:102BE000808892B29BB2934236BFC2EB40029B1ADE
:102BF0009B189BB2984286BFC01A80B200207047D3
:102C000038B5B0F808C0438982881FFA8CFC9BB2A3
:102C10009C4536BFC3EB4205ACEB03056544ADB242
:102C2000044608463DB3AA420BD294452CBFACEBF8
:102C3000020C94441FFA8CF39A42638103D89B1AC6
:102C40009BB29A42FBD9E2882168C2F30E0202FBD2
:102C5000031106F0EDFD6189A28889B24B1C9BB27D
:102C600099424FF0010009D9002302FA00F15B1AE2
:102C70009BB2638138BD638928469BB2B3EB420F98
:102C80004FEA4201F3DA638138BD00BF30B50389F2
:102C9000458983B0ADB20446009500259BB20195ED
:102CA000FFF782FD6289A18892B283189BB29A4293
:102CB0004FEA410202D8B3EB410F01DB9B1A9BB2F2
:102CC000638103B030BD00BF30B50389458983B04F
:102CD000ADB20446009501259BB20195FFF764FD56
:102CE0006289A18892B283189BB29A4206D901FAEE
:102CF00005F29B1A9BB2638103B030BDB3EB410F69
:102D00004FEA4102F5DA638103B030BD38B5058979
:102D1000038904464089A2889BB280B2834236BFB1
:102D2000C0EB42001B1A1B189BB29A42ADB202D8EC
:102D3000E079C00919D0954218D32B469B1A9BB253
:102D40009342FBD2E2882068C2F30E0202FB03002A
:102D500006F06EFD6B1C9BB29D42A28811D9002328
:102D600051005B1A9BB22381012038BDE2882068A4
:102D7000C2F30E0205FB020006F05AFD0135A288DF
:102D8000ABB2B3EB420F4FEA4201ECDBE9E700BF25
:102D900012B10023FFF7D4BD1046704712B10123D2
:102DA000FFF7CEBD10467047034600224281012046
:102DB0001A817047C279034661F3C7120120DA71A4
:102DC000704700BF70B5044601F04CF800B970BD03
:102DD00001F050F805460028F9D1E378002BF6D031
:102DE00004F110063046FFF7F9FE3F28EFD9E178ED
:102DF000284601F0BFFD0028E9D03046FFF7EEFE7F
:102E00003F28E17807D904F1A80228464023BDE80D
:102E1000704001F0CBBD2846BDE8704001F0B8BD60
:102E200008B5044B4FF4947202FB0030FFF7BCFE70
:102E300008BD00BFA40100204FF4947370B503FBDC
:102E400000F44FF6FF739A42074E28BF1A4604F16A
:102E5000100092B23044FFF719FF05463019FFF712
:102E6000B1FF284670BD00BF9401002038B54FF473
:102E7000947303FB00F4054D04F110002844FFF7A0
:102E800093FF2819BDE83840FFF79CBF940100204C
:102E90002DE9F041044600F0E5FF10B90020BDE83F
:102EA000F08100F0E7FF06460028F7D14FF4947355
:102EB000DFF8608003FB04F404F11C054544284658
:102EC000FFF772FE0028E9D008EB04073046B97816
:102ED00001F050FD0028E1D0E83444442846214662
:102EE0004022FFF7D3FEB978054678B10346224663
:102EF000304601F05BFD38B94FF0E023D3F8F03DE8
:102F0000DB07CBD500BEC9E72846C8E701F040FD86
:102F1000C4E700BF9401002070B50E4C4FF49473C9
:102F200003FB00444FF6FF739A4228BF1A4692B241
:102F300005462046FFF72CFF06462046FFF734FEE5
:102F40003F2801D8304670BD2846FFF7A1FF304624
:102F500070BD00BFB001002010B5134C82B04FF41B
:102F600094720021204606F0B1FC10490023009322
:102F7000FF220B704FF4E13008216271A060A17351
:102F8000012304F12801402204F11000FFF7F6FDAF
:102F900001230093402204F1680104F11C00FFF7B3
:102FA000EDFD02B010BD00BF940100209001002093
:102FB0000120704710B50F4C0F48237800220260A3
:102FC0000271DA0707D59B070BD5BDE810400B4807
:102FD0000121FFF7EFBE1030FFF7E6FE23789B07D5
:102FE000F3D40648FFF7E0FEBDE810400348012196
:102FF000FFF7E0BE9001002094010020B001002006
:10300000F0B54B79022B83B003D00025284603B0DE
:10301000F0BD8B79022BF8D1244FBB788BBB8B781A
:103020003B700B78CC180646617824294FF00905CF
:103030000BD1082A02D820E0AA4208D323781C44E6
:103040002B44617824299DB2F6D0052921D06378DC
:10305000042B12D163790A2B0FD1154B27780193DA
:10306000013300930223E11930461A4601F04EFC69
:1030700038B10E3517FA85F5ADB20C48FFF7A2FE50
:10308000C4E74FF0E023D3F8F03DDB07BDD500BE29
:10309000BBE72146304601F015FC0028F1D0A378AB
:1030A0007B7023781D44ADB21C44D0E7940100200E
:1030B0009601002038B5137803F06003202B10D15F
:1030C0009446284ABCF8043092F800E09E4508D1A6
:1030D0009CF80130203B032B03D8DFE803F00A16ED
:1030E0001E04002038BD01292FD0032931D0012032
:1030F00038BD01290BD00329F9D11B4B002BF6D089
:103100001A490020AFF30080F1E70129EFD1174AF7
:103110000723614600F0A2FDE9E7012915D0032944
:10312000E5D1BCF802401248147104F0010585F0A5
:103130000101FFF73FFE0F4B002BD8D0C4F3400234
:103140002946002005F0C4FFD1E7614600F06EFD7E
:10315000CDE7094B002BCAD0BCF802100020AFF31A
:103160000080C4E794010020000000009C010020C2
:10317000B0010020D1900008000000002DE9F047C8
:10318000364EF2780C46A242B17807461D463CD036
:10319000A14213D04FF0E023D3F8F03DDB0700D578
:1031A00000BE0020BDE8F0872D4B23B12D48FFF76E
:1031B0000BFD00284FD02948FFF704FEB378A34247
:1031C00002D00120BDE8F087274B13B10020AFF3F8
:1031D00000800020FFF75CFE0028F2D12348FFF7B3
:1031E000E3FC0028EDD1002DEBD015F03F05E8D130
:1031F000B178384601F0BEFB0028E2D0B1782B460A
:103200002A46384601F0D2FBDBE79AB206F1A80164
:1032100006F11000FFF7BCFD154B002BC4D07379ED
:10322000FF2BC1D0002DBFD006F1A70808EB050A7F
:10323000A8F1970902E0C245B6D0737918F8012FBA
:103240009A42F8D14846FFF7BFFC0028F3D17179C4
:10325000AFF30080EFE705F03DFFACE794010020FD
:10326000D5900008A401002000000000B00100205B
:103270000000000010B4134B9C689A6B83F82C106C
:1032800093F83C10A21A4FF0020C9A6283F830C0F7
:1032900021B983F83E1042F2050199874CB142B141
:1032A0001A7BD20908D093F82E105DF8044B01F078
:1032B000C5BB5DF8044B704793F82F105DF8044BC5
:1032C00001F0BCBBBC22002038B5164B164C05469D
:1032D00023B1607B05F082FF0346C0B1A16BA368F8
:1032E000124A5B1AB3F5005F28BF4FF4005394F8FD
:1032F0002F109BB2284601F059FB00B138BD4FF0AA
:10330000E023D3F8F03DDB07F8D500BE38BD42F22C
:103310000772A28784F83E3028460121BDE8384074
:10332000FFF7A8BFDD910008BC220020BC020020EE
:1033300030B5294CE28AA36887B0054622B152BA5B
:1033400092B2B3FBF2F292B2A06BD4F811101B1A36
:10335000B3F5005F28BF4FF40053009309BAB0FBE8
:10336000F2F302FB13021944607B1C4B05F018FFBB
:10337000011E1CDB94F82E4008D08BB2174A214660
:10338000284601F013FBF8B107B030BD072303A8AE
:10339000CDF80E10ADF812108DF80C508DF80D30E0
:1033A0008DF81040059101F085F907B030BD43F666
:1033B0000222002301212846A28784F83E3007B06C
:1033C000BDE83040FFF756BF4FF0E023D3F8F03DA3
:1033D000DB07D9D500BED7E7BC220020BC02002005
:1033E0008268C38A22B9181E18BF012040007047A6
:1033F000C17B28290FD02A2902D1017BC9090DD10F
:103400000BB9012070475BBA9BB29A422CBF0022D5
:10341000012250007047017BC909F1D10220704799
:10342000044880F83C1080F83D2080F83E300120B0
:10343000704700BFBC22002002484022002106F055
:1034400045BA00BFBC22002002484022002106F0FD
:103450003DBA00BFBC2200204B79082B01D00020D0
:1034600070478B79062BFAD1CB79502BF7D1162ADE
:1034700007D84FF0E023D3F8F03DD907EFD500BED1
:10348000EDE730B5184D8B7885F82D300B7883B08B
:10349000194405F12E03019305F12F030093022334
:1034A0001A46044601F032FA48B94FF0E023D3F847
:1034B000F03DDA0700D500BE002003B030BD002289
:1034C00085F8302095F82F101F2320462A4601F05A
:1034D0006DFA08B11720F0E74FF0E023D3F8F03D84
:1034E000DB07F7D500BEF5E7BC220020012901D09B
:1034F0000120704770B51378144603F07F02022A4A
:1035000082B005462FD003F06003202B0CD16378E6
:10351000FE2B0CD0FF2B07D163882BB9B4F806C063
:103520001FFA8CF3002B3BD0002002B070BD6388E3
:10353000002BF9D1E288012AF6D1394B8DF807200A
:10354000002B3BD0AFF300800028EDD0431E5FFA84
:1035500083FC01230DF10702214628468DF807C0A0
:1035600000F07CFB19E06278012ACCD16388002B43
:10357000DAD12C4EA38896F83020042ADBB237D05B
:1035800096F82E1099421BD096F82F409C4204D1F9
:103590001AB9214601F044FA70B3012002B070BD9F
:1035A000204A21462846C2E90D3382F83030A2F87D
:1035B0003CC082F83E3000F039FBEEE79C46C8E79D
:1035C000022AEAD1B26BB3689B1A0322B36286F86F
:1035D00030200D2306F1200201F0E8F90028DCD1AB
:1035E0004FF0E023D3F8F03DDB079DD500BE9BE70D
:1035F000194601F023FAD0E72146284601F03CFAAB
:103600000028CAD10024074A96F82F1086F83040C7
:103610001F23284601F0CAF90028BED1E0E700BF09
:1036200000000000BC2200202DE9F041A54C94F8D8
:103630003050012D8EB007461E462FD0032D08D0E6
:103640004DBB94F82F308B4241D001200EB0BDE825
:10365000F08194F82E308B42F7D10D2EF5D1E37B1B
:10366000282B00F04E822A2B00F04382964B23B188
:10367000607B04F10F01AFF30080002084F830007C
:10368000904A94F82F101F23384601F08FF9002834
:1036900049D094F83050022DD7D154E0E37BA26B8F
:1036A000282B48D02A2B00F08C80237B3244DB0966
:1036B000A2637AD0636B934242D94FF0E023D3F8F0
:1036C000F03DDA07E5D500BE94F83050E3E71F2E51
:1036D00058D17E4B22689A4254D17D4BE27BA6683A
:1036E000236263686362282A4FF00103C4E90D6511
:1036F000A56284F82C5084F8303000F09B802A2A90
:1037000000F00782002E00F0B180237BDB0940F03F
:10371000AD80B6F5005F00F2F1806E4AB3B201F001
:1037200045F90028B5D14FF0E023D3F8F03DDB0791
:1037300035D500BE33E0636B32449A42A26374D342
:10374000022384F8303094F82E10384601F094F9B2
:1037500000287FF47AAFA368A26B94F82E109342EE
:1037600002D9207BC0091CD19B1A0322A36284F8D2
:1037700030203846584A0D2301F018F900287FF40C
:1037800064AFD0E794F82E100423384684F8303024
:1037900001F054F994F82F10384601F04FF9002049
:1037A00054E7384601F04AF94FE7A38E494A607B57
:1037B00004F10F0105F018FD0028C0F29581A26BFD
:1037C00078E7E08A28B140BA80B2A368B3FBF0F38F
:1037D00098B20096D4F811103E4DB2FBF0F309BA3E
:1037E00000FB13221944607B2B4605F0F9FC0028EE
:1037F000C0F2978186422CD9361A002840F0A88161
:10380000002194F82F30CDF81610072205A807964E
:10381000ADF81A108DF814708DF815208DF8183049
:1038200000F048FF94F8305035E7FFF781FD94F839
:10383000305030E72046FFF7D3FD002840F081816B
:10384000002E3FF47DAF3846FFF772FD94F83050FC
:1038500021E7D4E90D2333449342A363BFF470AF4F
:103860003846FFF731FD94F8305014E7657B252A80
:1038700034D8DFE812F0320133003300F5003300B2
:1038800033003300330033003300330033003300A0
:1038900033003300330033003300D40033003300EF
:1038A00033003300330033003300B900AA00330083
:1038B0003300950033003300330033006F003300D2
:1038C000480000BFBC2200200000000055534243C6
:1038D00055534253BC020020DC22002094F83C30B7
:1038E00063B92846A94AAA49B3B205F07DFC051E72
:1038F00004DBEDB9A368002B3FF422AF0121384669
:10390000FFF7B8FCC5E604AA05A9284605F02EFC79
:10391000059BBDF81020002B00F02481002A00F048
:1039200021819A49013B1BBA12BAC1E9003208252C
:10393000A368002BE2D09D4228BF1D46934A94F80D
:103940002E106563ABB2384601F030F800287FF4E2
:10395000A0AEE8E6002305AE05930DF10E02C6E920
:103960000133284604A905F001FC049A002A00F05E
:10397000F980BDF80E30002B00F0F48012BA0692E8
:1039800002225BBA8DF81C200822ADF81E308DF89B
:10399000172096E807007D4B0C2583E80700C7E752
:1039A0007C4B002BA6D0227DE17C2846AFF3008023
:1039B00000289FD194F83C30002B9FD143F602227F
:1039C0000023A28784F83E3098E7734B002B91D0F8
:1039D000E17C2846C1F3400301F00102090905F02A
:1039E000D3FB002886D1E5E7059B6C4A03F400036E
:1039F00043F003030593002A00F0C580284605F034
:103A0000EDFB03469DF8162083F0010363F3C71214
:103A10008DF816205D4B059A1A60042588E74FF053
:103A200020335F4A05922846CDE90733CDE90A33B2
:103A300007A909930D930C9309AA0DAB1F2505AE99
:103A4000069505F049FB0FCEDFF840C1ACE80F004A
:103A50000FCEACE80F003368CCF80030242567E7C0
:103A600094F83C10B4F83D20DFF820C1DFF83CE1C9
:103A70004FF000034FF0000861F30303CDF814800A
:103A80008DF81630F0238DF814300A23CDF8188005
:103A9000CDF82080CDF81C80ADF82020ADF8248032
:103AA0008DF81B3005AE0FCEACE80F003368ACF8D4
:103AB0000030BEF1000F60D02846ACF110014FF489
:103AC0000052AFF30080051EA4F83C8084F83E80CD
:103AD000BFF60FAF657B666B03E7284605F036FB44
:103AE00000287FF407AF65E729463846FFF7C2FB99
:103AF00065E62C4B002B3FF4C0AD607BAFF300803C
:103B0000BBE5294B002B3FF4B8AD607BAFF30080E1
:103B1000B3E52046FFF764FC98B9002E7FF4A0AE11
:103B20000EE6A36B334443F60222A3630121002374
:103B30003846A28784F83E30FFF79CFB94F830505B
:103B4000A9E501463846FFF795FB94F83050A2E509
:103B5000A36B291813FA80F332462846A36305F0B5
:103B60009BFE4DE694F83C30002B7FF4C7AE43F645
:103B70000222A28784F83E30C0E6A4F83CE084F834
:103B80003EE01225D4E601233CE700BFBC02002042
:103B9000CB2200200000000089910008DD91000880
:103BA0000080020200000000000000000000000091
:103BB0001B4AB2F80CC0D18910B5ACEB01039BB223
:103BC000044692F90000402B28BF4023002882B011
:103BD00009DB8C4520D0134A0021204602B0BDE805
:103BE000104000F0E3BE8C450ED091680D48019363
:103BF0001A4605F01DFE0B4A019B8021204602B0AB
:103C0000BDE8104000F0D2BE80210022204602B064
:103C1000BDE8104000F0CABE00210A46DDE700BF43
:103C20003C230020FC220020704700BF10B40A4C47
:103C30000A46844608684968234603C3117800236E
:103C4000C943C4E9023360465DF8044B01F08001CA
:103C50001A4600F0ABBE00BF3C23002070B5174CE5
:103C60008C46064608684968A260A646AEE803008E
:103C70000021E181BCF80650AB4228BF2B46A3814E
:103C80003DB103B18AB13046FFF792FF68B1012020
:103C900070BD9CF80010C9432B462A4601F08001F4
:103CA000304600F083FE0028F1D14FF0E023D3F836
:103CB000F03DDB0700D500BE002070BD3C23002096
:103CC000034B0022C3E90022C3E902221A617047B4
:103CD0003C230020014B1861704700BF3C230020AB
:103CE0000346044A59680068134603C30023C2E927
:103CF000023370473C23002070B52B4C2278C90951
:103D0000B1EBD21F06461D4614D043B14FF0E0235D
:103D1000D3F8F03DDB0700D500BE002070BD214682
:103D2000FFF782FF2369002B32D022460321304661
:103D300098472DE094F90030A068002B05DB00289F
:103D4000EBD01A492A4605F073FDA268E3892A449C
:103D50002B44A260E2889BB29A42E38106D03F2DB9
:103D600004D93046FFF724FF90B9CFE7236923B188
:103D70000D4A02213046984760B121780023C9439B
:103D80001A4601F08001304600F010FE0028BDD038
:103D9000012070BD01463046FEF7D6F9802130463D
:103DA000FEF7D2F9F4E700BF3C230020FC220020FC
:103DB000002070472DE9F0411B4EDFF87880327803
:103DC0001A4F0024054623460DE03B6813EB4413CD
:103DD00021D0DB682846984732780134E4B2511C80
:103DE000A142234606DBA242A3EB0203EDD808EB77
:103DF0004313EEE70E4C2C220021204605F066FD11
:103E00004FF0FF33C4E90233C4E9063363606361F2
:103E10002361BDE8F0814FF0E023D3F8F03DDB07EC
:103E2000F7D500BEBDE8F08114240020182400203E
:103E30002024002028A40008044B1B7810B1184649
:103E4000FEF76EB81846FEF781B800BF1C000020D0
:103E5000704700BF704700BF0020704700207047C8
:103E600000207047024B5878003818BF0120704777
:103E700020240020024B1878C0F38000704700BF58
:103E8000202400202DE9F843274F3B78FF2B02D058
:103E90000120BDE8F88300212C2206462348244D4A
:103EA00005F014FD234B244800221A70FEF77CFF16
:103EB000224A234B2349116063B32846AFF30080A5
:103EC000214B2A7818600024DFF88090DFF8788092
:103ED00023460EE0D8F8003013EB441311D05B6892
:103EE0007BB198472A780134E4B2511CA1422346A1
:103EF00012DBA242EED89B1A09EB43135B68002B3E
:103F0000EFD14FF0E023D3F8F03DDB0700D500BE42
:103F10000020BEE72A78D6E730463E70FDF726FF40
:103F20003046FDF7FDFFB3E71C00002020240020F1
:103F3000142400201C240020100000205023002006
:103F4000000000000C0000201824002028A4000815
:103F50002DE9F04FDFF8A89299F80030FF2B8BB0D5
:103F600000F0E380A04CA14DDFF890A2DFF894B2FE
:103F700027683E46002056F8043B9847304607A97C
:103F8000FEF73EFE3B68064601209847002E00F0F3
:103F9000CC809DF81D30013B072B00F27B83DFE8CE
:103FA00003F0A7B1959D8E350A04089B002BDFD046
:103FB00009989847DCE79DF8201001F07F0005EB99
:103FC000400303EBD11393F8202022F0010283F881
:103FD000202093F8202022F0040283F820200028DB
:103FE00000F0A6801B7D9AF80020934280F0938019
:103FF0007F4A126812EB431300F090809E699DF88F
:104000002120099B9DF81C00B047B1E79BF80030C8
:10401000002B00F083809BF80030013BDBB28BF873
:1040200000309BF8003003F0FF00002BA0D16F4F51
:104030009DF81C803B7843F001033B7097F82030DB
:1040400060F3000387F8203097F8203060F3820394
:1040500087F8203097F8213060F3000387F821308B
:1040600097F8213060F3820387F82130FFF732FEA2
:104070009DF8203003F06002602A6CD0402A7CD08A
:1040800003F01F03012B00F0BF80022B00F08180A2
:10409000002B60D1202A00F0E781002A5BD19DF837
:1040A0002130092B57D8DFE813F0AE01A0015600EC
:1040B000BF0156009301690156005E01F2002B78A2
:1040C000D9077FF555AF05F001F851E7EB78DA072E
:1040D0007FF54EAF0898FFF7BDFE49E72B78D8076C
:1040E0007FF546AF2878C0F3C00004F0EDFF3FE74E
:1040F0009DF81C00FFF75EFEFFF7E2FD9DF8203003
:10410000AB7035E79DF81C00FFF754FEFFF7D8FDB4
:1041100004F0D8FF2CE7501C984211DA4FF0E0234E
:10412000D3F8F03DDC0700D500BE0BB0BDE8F08F42
:10413000099B9DF821209DF81C00FFF7DDFD17E786
:104140009B1A2C4A02EB431358E704F035FF024652
:10415000002840F080814FF0E023D3F8F03DDE07E7
:1041600000D500BE9DF81C000021FDF7EDFF9DF875
:104170001C008021FDF7E8FFFAE61F48FFF7AAFDC3
:10418000404608AA0121FFF713FE00287FF4F0AE95
:10419000E8E79DF8241001F07F06052EDBD87000BB
:1041A00007EB460303EBD113019014481B7D007805
:1041B000CE098342009659D3461C9E42C0F26681C6
:1041C0001B1A0C4800EB4316002A00F0638170694B
:1041D000FFF780FD7369404608AA0121984700282F
:1041E0007FF4C6AEBEE700BF50230020202400208D
:1041F0001824002028A40008B13D00081424002041
:104200001C0000201C2400209DF824300F2BA9D86E
:10421000AE4A3B4412781B79934232D3511C9942E7
:10422000A0DBAB4E9B1A06EB43167069FFF752FDFD
:10423000736908AA01214046984700287FF498AE88
:104240009DF8203013F060068CD19DF821300A3B98
:10425000012B87D8FFF73EFD9DF821300A2B00F097
:10426000F28108A94046FFF7E1FC81E69948006821
:1042700000EB4316002A00F00D81002E3FF472AFD0
:10428000A5E7944A166816EB4316CED16AE77B7809
:104290009DF822609E4200F04F817B78002B40F019
:1042A000BE817E70002E00F04581701EC0B204F009
:1042B00083FE0346002800F05F814278022A40F026
:1042C0005B81C1793878C1F340121201C1F38011CA
:1042D00042EA411220F0300002433A705A88CDF889
:1042E0000C809A1803F1090601923146019B8B421A
:1042F00040F2A4814A780B2A00F0AF810123042AFE
:1043000040F03A81019A0493521A92B202926F4A93
:104310000026127800961DE06E4B1B6813EB4618C2
:1043200000F02A81D8F81030029A03980591984736
:1043300008280599024606F1010303D90298904224
:1043400080F0FF80DEB2614B00961A78531C9E42CB
:1043500000F31281009B9642A3EB0202DCD35C4B7C
:1043600003EB4218DEE77B788DF81A3040460123D4
:104370000DF11A0208A9FFF771FCF9E5BDF822005A
:10438000030A013B020AC0B20E2B3FF6EBAE01A1BD
:1043900051F823F0A945000845440008E545000808
:1043A0006541000865410008C7450008454400080C
:1043B0006541000865410008654100086541000845
:1043C0006541000865410008654100089B450008FB
:1043D00008A8FFF785FC9DF822104046FDF7D0FDA8
:1043E0003B7843F002033B70C2E5BDF82230012B5D
:1043F0007FF4B8AE3B78404623F0080308A93B7031
:10440000FFF714FCB4E53B789A0802F00202C3F30C
:10441000401340461343ADF81A300DF11A0202233F
:1044200008A9FFF71BFCA3E5BDF82230012B7FF4A0
:1044300099AE3B78404643F0080308A93B70FFF76C
:10444000F5FB95E5022A3FF480AEFFF709FD024631
:1044500000283FF487AE5388404608A9FFF7FEFBCB
:1044600000287FF485AD7DE69DF824300F2B3FF6C4
:1044700079AE164A3B4412781B7993421DD2154AF5
:10448000166816EB43167FF4A2AE6BE6002A7FF4A3
:1044900069AE00269DF8212002F0FD03012B1BD000
:1044A000002A7FF458AE019B009A3B4413444046D7
:1044B00093F82030C3F34003ADE7511C9942FFF657
:1044C00051AE034E9B1A06EB431680E614240020DF
:1044D00028A4000818240020BDF82230B3B9012A0E
:1044E00099F8000000F08680FDF72EFE019B009AEF
:1044F0003B44134493F8202042F0020283F820202A
:1045000093F8202042F0010283F82020002E3FF48F
:104510002FAD7069FFF7DEFB736908AA01214046E1
:1045200098470020FFF7D6FB97F82130DF073FF5CB
:104530001FAD96E604F0C6FD404608A9FFF776FBDE
:1045400016E5049B012B00F09E80002B00F08A8072
:1045500091F80280002005E08CF804605FFA80FC8E
:104560009C457FD208EB000C57FA8CFC01309CF87C
:1045700004E0BEF1FF0FEFD04FF0E023D3F8F03DA1
:10458000DA0700D500BE4FF0E023D3F8F03DDB079B
:1045900000D500BE00237B70E4E5FFF75DFC02461A
:1045A00000287FF458AFDDE504F002FD0246002844
:1045B0003FF4D1AD4046122308A9FFF74FFB002876
:1045C0007FF4D6ACCEE5FFF749FC024600283FF465
:1045D000C9AD1378404608A9FFF740FB00287FF4D7
:1045E000C7ACBFE5BDF8241004F0EAFC0246002881
:1045F000EFD1B7E50293FDF7ABFD019A009B3A447A
:104600001A44029B92F8201063F3410182F82010B3
:1046100092F8201063F3000182F8201076E7002161
:104620004046FDF7D7FC4046FDF704FDBB780093FC
:104630004046FFF7BFFB009BBB7032E6DDF80C8005
:1046400004F03EFD78E708A9404601230DF11A0267
:104650008DF81A60FFF702FB8AE40A78CB781144E0
:104660004A784CE6334610480492029100F080FAF2
:104670000E4B049A02991B781144009A013393421D
:10468000BFF634AE78E7D8F810C00948844508BFB3
:1046900002235DE74FF0E023D3F8F03DDB077FF521
:1046A00067AC00BE64E400BF342400201424002062
:1046B000013000082DE9F0434378023B85B0804685
:1046C0000D46042B13D8DFE803F003486A733E005D
:1046D000764B1A7822F001021A701A78002122F023
:1046E00002021A7059701A7861F382021A70704BC4
:1046F0001E68BDB93446284654F8043B9847204606
:104700004146FEF703FB336804460120984784B115
:1047100098F8011098F800002A46FFF799FB05B0B9
:10472000BDE8F0834146301DFEF7F0FA0446002C48
:10473000EED14FF0E023D3F8F03DDB07EFD500BE1C
:1047400005B0BDE8F0835B4A13780133DBB2137028
:10475000574B1E68002DE5D1CCE7DFF86491564F2A
:1047600099F80020554E0024234612E0336813EBDD
:10477000441306D0DB6923B1D8F8041098F8000080
:10478000984799F800200134E4B2511CA142234615
:1047900017DB9442EAD39B1A07EB4313EAE7434B38
:1047A0001A78D607BBD51A7842F004021A709EE731
:1047B0003E4B1A78D407B2D51A7822F004021A7048
:1047C00095E73A4C237858072BD5237823F0040338
:1047D0002370374B1F680023ADF80E30CDF806303C
:1047E000CDF80A3098F800308DF8043005238DF8A4
:1047F0000530002D4BD13E46284656F8043B9847DD
:10480000304601A9FEF782FA3B6806460120984728
:10481000002E42D14FF0E023D3F8F03DD90700D568
:1048200000BEE378DA077FF57AAF214A98F80010E6
:1048300016688DF804100023CDF80630CDF80A3044
:10484000ADF80E300322D8F804308DF8052002931D
:10485000BDB93446284654F8043B9847204601A980
:10486000FEF754FA3368044601209847002C3FF4C1
:1048700060AF9DF805109DF804002A46FFF7E8FA9E
:104880004DE701A9301DFEF741FA0446EEE701A904
:10489000381DFEF73BFA0646BAE79DF805109DF86D
:1048A00004002A46FFF7D4FABBE700BF202400200B
:1048B000502300201C24002028A4000818240020D5
:1048C0001424002038B58B780E4A03F07F03052BA3
:1048D000157808D94FF0E023D3F8F03DDB0700D579
:1048E00000BE002038BD084B0C460846997800F001
:1048F0000DF90028EED021462846BDE83840FDF7E6
:104900007FBB00BF1C000020202400202DE9F047C1
:10491000DDE908895AB306460C461F4615464FF096
:10492000000A15E094F803C00CF0030CBC4514D148
:10493000FFF7C8FF88B1A378DA0914BF89F80030FF
:1049400088F8003023780AF1010AAA451C440ED0E9
:104950006378052B21463046E4D04FF0E023D3F8AE
:10496000F03DDB0700D500BE0020BDE8F087012048
:10497000BDE8F087CB09054801F07F01203303EB48
:1049800041031844002100F093B800BF2024002008
:10499000CB09054801F07F01203303EB41031844A4
:1049A000002100F0A1B800BF2024002010B51A4C4F
:1049B0001A4801F07F0E04EB4E0404EBD11400788A
:1049C00094F820C01CF0010F08D04FF0E023D3F87A
:1049D000F03DDA0700D500BE002010BD94F820C0DD
:1049E0004CF0010C84F820C0FDF772FB0028F4D1D4
:1049F00094F8202060F3000284F8202094F820200E
:104A00004FF0E02160F3820284F82020D1F8F03DDD
:104A1000DB07E1D5DFE700BF202400201C000020D9
:104A2000054B01F07F0203EB420303EBD11191F838
:104A3000200000F0010070472024002010B50C4B2E
:104A400018780C46FDF780FB0A4B04F07F0203EB5D
:104A5000420303EBD41191F8203043F0020381F8B4
:104A6000203091F8203043F0010381F8203010BD50
:104A70001C00002020240020054B01F07F0203EBE6
:104A8000420303EBD11191F82000C0F340007047BE
:104A90002024002008B50020FFF7F4F900B108BD7C
:104AA0004FF0E023D3F8F03DDB07F8D500BE08BD9A
:104AB0000378024613F0010013D11378C3F3800189
:104AC0005B070DD4137813F0010008D113785B074E
:104AD00006D4137843F0040301201370704708468E
:104AE00070470020704700BF02780346C2F3800081
:104AF000520700D470471A7812F0010204D11978D5
:104B000062F382011970704700207047C378828871
:104B100003F003000228C2F30A021FD0032803D0C7
:104B200001280AD000207047022914BF40234FF407
:104B30008063934209D301207047022940F2FF337A
:104B400008BF4FF480639342F6D24FF0E023D3F8CE
:104B5000F03DDB07E6D500BE00207047022902D0F9
:104B6000402AE8D9F1E7B2F5007FE4D0EDE700BFD5
:104B70000A44914205D3704791F800C061448A42CB
:104B800020D991F801C0BCF1050FF5D100B591F81D
:104B900002C00CF07F0E00EB4E0E4FEADC1C0EF84C
:104BA0000C3091F800C061448A4209D991F801C0E3
:104BB000BCF1050FEBD091F800C061448A42F5D8F2
:104BC0005DF804FB704700BF00B53B483B490160FE
:104BD0000122002385B04FF48031026180F830203B
:104BE000374A0376CDE90033CDE90233C0E901133A
:104BF00080F82030C36043610023C0E90A23062304
:104C0000C36100F087F900283BD19FED297B072382
:104C10002948029369468DED007B00F09BFB00283C
:104C200043D10522022324486946CDE9002300F040
:104C300091FBB8BB062203231F486946CDE9002338
:104C400000F088FB58BB072204231B486946CDE9C6
:104C5000002300F07FFBF8B91022052316486946AF
:104C6000CDE9002300F076FB98B911220623124803
:104C70006946CDE9002300F06DFB28B905B05DF869
:104C800004FBFBF745FBC0E7FBF742FB05B05DF813
:104C900004FBFBF73DFBE8E7FBF73AFBDCE7FBF740
:104CA00037FBD0E7FBF734FBC4E7FBF731FBB8E792
:104CB0000400000001000000B0240020002001409A
:104CC0000100000F70B5294B026888B000249A4299
:104CD000CDE90244CDE90444069401D008B070BD8A
:104CE00003F58C3300945A6C214E42F480725A645E
:104CF0005A6C02F480720092009A01941A6B42F08E
:104D000001021A631B6B03F001030193F0220323DA
:104D1000054602A91748CDE90223019BFBF7FCFFDA
:104D2000154A74624FF48063C6E9002433614FF47E
:104D300080524FF48043C6E9052330464FF4807318
:104D4000C6E90244C6E90734FCF7E4F858B9002282
:104D5000AE6311461220B563FCF7A6FA1220FCF7E9
:104D6000DFFA08B070BDFBF7D3FAF0E7002001408E
:104D70004C240020000002401064024000B522488C
:104D8000224987B07F2200238260FF22CDE90133D0
:104D9000CDE90333C0E90013C0E90323C0E90533BB
:104DA0000593009300F034FC50BB1748002100F03D
:104DB00073FD174A904218D01348002100F066FD99
:104DC00000231148ADF80430012201A9CDE90433D4
:104DD0008DF8063000F066FC78B90E4B0A48009357
:104DE0000122694600F0DCFC10B907B05DF804FB55
:104DF000FBF78EFA07B05DF804FBFBF789FAECE7E6
:104E0000FBF786FAD1E700BFF82400200028004015
:104E1000FECADABA0505129900B50F4A016887B0D3
:104E200000239142CDE90233059302D007B05DF82B
:104E300004FB02224FF4807301A801920493FBF754
:104E4000C3FE30B9054B0122C3F83C2E07B05DF814
:104E500004FBFBF75DFAF5E700280040000047423D
:104E600000B51A481A4A026042F2CF02002387B006
:104E700042606322CDE90233CDE90433CDE900334A
:104E8000C0E9023203618361FCF7D6FC98B94FF4A4
:104E900080530E48029302A9FCF710FB98B9002238
:104EA00000230A486946CDE90023FCF7F3FC28B942
:104EB00007B05DF804FBFBF72BFAE8E7FBF728FAED
:104EC00007B05DF804FBFBF723FAE8E7182500209C
:104ED000000C00400E4B02689A4200D0704700B5AB
:104EE00083B0002203F50B330192196C41F00801E5
:104EF00019641B6C03F00803019311463220019BD7
:104F0000FCF7D2F9322003B05DF804EBFCF708BAE5
:104F1000000C0040002800F09E8038B5056C044667
:104F20003DB1236CDB060CD5002384F83C30012016
:104F300038BDFFF7C7FE6564236C84F83C50DB0680
:104F4000F2D4236C474A23F4885323F0020343F03E
:104F5000020323645168236821F440315160516891
:104F60006068014351605A682069A16822F4807228
:104F70005A605A6842EA00225A605A68E06822F091
:104F800040725A605A680A435A609A68A16A22F4C9
:104F900000629A609A6802439A60334A91429A6822
:104FA00051D022F07062E06A9A609A681143996069
:104FB0009A6822F040529A609A6802439A609A680E
:104FC00022F002029A609A68217E42EA41029A60C7
:104FD00094F82020002A40D05A68616A42F40062A6
:104FE0005A605A6822F460425A605A68013942EAAB
:104FF00041325A60DA6AE16922F47002DA62DA6AEE
:10500000013942EA0152DA629A68616922F4007257
:105010009A609A6894F8300042EA40229A609A684E
:1050200022F480629A609A68002042EA81229A60A3
:105030006064236C23F0030343F001032364002323
:1050400084F83C3038BD22F070629A609A6822F091
:1050500040529A60B3E7012070475A6822F4006218
:105060005A60C7E7002301400100000F70B50546F4
:1050700090F83C0082B00023012801937BD02E6879
:105080001346012285F83C20B268D20714D4B268D6
:1050900042F00102B260394A1068394AA2FB00208E
:1050A000800C00EB40000190019A2AB1019C013C68
:1050B000019401980028F9D1B268D40503D5B268EB
:1050C00022F48072B260B268D00740D5286C20F418
:1050D000E06020F0010040F480702864726852059E
:1050E00005D52A6C22F4405242F480522A642A6C7C
:1050F000A86B12F480521CBF6A6C22F006026A642C
:10510000002285F83C200A461E49C1631E490164FD
:105110001E49C1646FF022013160716841F0806105
:105120007160B16841F48071B16006F14C01FBF728
:1051300085FF174B5B68DB0614D12B689A6812F069
:10514000405F0CD19A6842F080429A6007E02B6C75
:1051500043F010032B646B6C43F001036B6400207D
:1051600002B070BD0B4A2B689342F8D19A6812F0D6
:10517000405FF4D1E6E7022002B070BD00000020DD
:1051800083DE1B43E95200089D510008D1520008FC
:105190000023014000200140704700BF08B5806B2C
:1051A000FFF7FAFF08BD00BF704700BF704700BFA0
:1051B000036870B51D685E68AA07044601D5B0068D
:1051C0004DD4690701D5320617D4E90701D5720617
:1051D00004D4A90601D5720169D470BD1A68D0073C
:1051E000F7D5236C43F4803323642046FFF7DCFFBC
:1051F00023686FF001021A60EBE7226CD00603D43B
:10520000226C42F4005222649A6812F4401F1ED1AC
:105210009A6B12F4401F02D09A68510517D45A684D
:10522000520514D49A6812F0405F10D1227E72B9F0
:105230005A6822F080025A60236C23F4805323645E
:10524000236CD80503D4236C43F001032364204668
:1052500000F028F923686FF00C021A60B5E7226CA1
:10526000D10603D4226C42F4007222649A6812F0D0
:10527000405F14D1227E92B9DA6A12F4700F23D102
:105280005A6822F020025A60236C23F4807323644E
:10529000236CD80403D4236C43F001032364204619
:1052A00004F0EEF823686FF012021A6089E7626C6E
:1052B0006FF0200542F00202626420461D60FFF795
:1052C00075FF23681D6070BD9A685205E7D4D7E763
:1052D000806B08B540230364436C43F004034364CC
:1052E000FFF764FF08BD00BF836B1A6C12F0500F0C
:1052F00010B51A6C23D142F4007219681A648A68D6
:1053000012F0405F17D11A7EAAB9CA6A12F4700F60
:1053100002D08A6850050ED44A6822F020024A6002
:105320001A6C22F480721A641A6CD10403D41A6CB9
:1053300042F001021A64184604F0A2F810BDD20629
:1053400004D49B6BBDE81040DB6C18471846FFF790
:105350002DFF10BD70B590F83C3082B00246012B95
:105360004FF00000019000F09380012382F83C3060
:105370000D6813688C68092DA8B228D81E6905EB42
:10538000450E4FF0070C0CFA0EFC26EA0C061E61C7
:105390001E6904FA0EF434431C614C68062C04EBBD
:1053A00084012AD85C6B05394FF01F0C88400CFA39
:1053B00001F124EA01015963596B084358633649E6
:1053C0008B422BD0002082F83C0002B070BD00EB75
:1053D000400CDE68ACF11E0C4FF0070E04FA0CF422
:1053E0000EFA0CFC26EA0C06DE60DE683443DC6054
:1053F0004C68062C04EB8401D4D90C2C34D81C6BDB
:1054000023391F26884006FA01F124EA01011963B5
:10541000196B0843204918638B42D3D1122D30D029
:10542000A5F11003012BCDD81C494B68102D43F476
:1054300000034B60C6D11A4B01F146711B6801F5A0
:105440002E3101F28331A1FB03139B0C03EB830389
:105450005B000193019B002BB4D0019B013B0193A6
:10546000019B002BF9D1ADE7DC6A41391F2688404A
:1054700006FA01F124EA0101D962D96A0843D86227
:105480009DE7D1F8043343F48003C1F8043399E76E
:10549000022002B070BD00BF002001400023014087
:1054A00000000020704700BF036830B59C6A18698F
:1054B0001B68C0F30E00C1E90140C3F3054400209E
:1054C000C3F3062E64F3070003F07F0C6EF30F2086
:1054D000C3F306456CF31740C3F3805363F31F60B7
:1054E0000860DAB94FEA1E1303EB83030EF00F0EC8
:1054F0000EEB430E24094FEA1C1304EB840405F061
:105500000F0503EB83030CF00F0C05EB44050CEBCC
:10551000430C0D7081F801E081F802C0002030BD1D
:1055200003685B6810B50020C3F3423E6EF30700CA
:10553000C3F3042EC3F3074CC3F307246EF30F2009
:1055400003F03F0363F317406CF31F600860D2B9A8
:105550001A0902EB820203F00F0303EB42034FEA46
:105560001E1E8B704FEA1C130EEB8E0E04F00F0400
:1055700003EB83030CF00F0C04EB4E040CEB430C19
:105580004C7081F803C0002010BD00BF38B503681F
:10559000DA68520601D5002038BDDA6842F0800290
:1055A000DA600446FBF72EFF05462368DB685B06DE
:1055B000F1D4FBF727FF431BB3F57A7FF5D92368B6
:1055C00004226277DB68012038BD00BF38B503686C
:1055D000DA6822F08002DA609A68920601D500202B
:1055E00038BD0A4ADA600446FBF70CFF054623681B
:1055F000DB689B06F3D4FBF705FF431BB3F57A7F0B
:10560000F5D904236377012038BD00BF5F3F010057
:10561000002845D038B5437F044603F0FF024BB164
:10562000022223686277DA68D20607D501236377FE
:10563000002038BD0277FFF7EFFBF1E7CA215322C4
:10564000596220465A62FFF7A1FF236810B1FF227A
:105650005A6238BD99686268256921F4E00121F039
:1056600040019960616998682A430A430243E168EE
:105670009A6019611A69A16842EA01421A612046DA
:10568000FFF7A4FF23680028E1D11A6CA06922F477
:1056900080221A641A6CFF2102431A645962C5E71A
:1056A00001207047037F012B78D070B50E46012191
:1056B00002230177016843778B680546002A37D1BA
:1056C00013F0400C18BF96F803C033780CBF86F86F
:1056D00003C04FEA8C5C092B09D900200A3BDBB2DE
:1056E000092B00F10100F9D843EA0013DBB21C04D6
:1056F0007378092B09D900200A3BDBB2092B00F192
:105700000100F9D843EA0013DBB2B07809284FEA68
:10571000032308D90A38C0B2092802F10102F9D8D6
:1057200040EA0210C0B244EA0C041C4304430FE0F8
:105730007478327813F040034FEA042414BFF378EE
:10574000F37044EA0244B27818BF9B0514431C432B
:10575000CA234B6253234B622846FFF717FF28B139
:105760002A68FF21002351622B7770BD2B683069B6
:10577000F26804F07F3424F0FE441C60996821F440
:1057800080219960996802430A4328469A60FFF78E
:105790001DFF0028E4D101236B77E1E70220704769
:1057A00038B5037F012B6FD00546022301202877EF
:1057B0006B7791F800E0CB78487891F802C04FEA17
:1057C0004E3EAAB14EEA034444EA0C0444EA0024E3
:1057D0002B68CA215322596228465A62FFF7D6FE27
:1057E000002840D02A68FF21002351622B7738BD62
:1057F000C40646D520F010000A30C0B2092B48700C
:1058000098BF1C040DD900210A3BDBB2092B01F122
:105810000101F9D843EA0113DBB209284FEA034436
:1058200009D900230A38C0B2092803F10103F9D8C5
:1058300040EA0313D8B2BCF1090F4FEA00200CD99B
:10584000ACF10A0C5FFA8CFCBCF1090F02F1010209
:10585000F6D84CEA02125FFA82FC44EA0E040443D2
:1058600044EA0C04B4E72B6824F07F4424F0C0041D
:105870005C602846FFF7AAFE0028B3D101236B77AE
:10588000B0E7092BBFD8C8E7022038BD0368503302
:1058900043F82120704700BF0368503353F82100BC
:1058A000704700BF10B4084B084C00224FF48040F2
:1058B0000821C3E90042C3E90222C3E904205DF8DC
:1058C000044B9961704700BF60250020002C014007
:1058D000F0B52F4B02688BB000249A42CDE9044406
:1058E000CDE90644089401D00BB0F0BD03F5863332
:1058F00001945A6C274842F400625A645A6C02F4CC
:1059000000620192019A02941A6B42F004021A6337
:105910001A6B02F004020292029A03941A6B42F08C
:1059200008021A631B6B03F0080303930C254FF462
:1059300080720126032704A90223CDE90423CDE9BF
:105940000667039B0895FBF7E7F94FF480520223A3
:10595000CDE9042304A9002203230E480895CDE9CC
:105960000623FBF7D9F9022304A904220A48089563
:10597000CDE90423CDE90667FBF7CEF9224621469F
:105980003120FBF791FC3120FBF7CAFC0BB0F0BDD6
:10599000002C014000080240000C024008B50349F9
:1059A000034802F06FFB034B187008BDE42500208C
:1059B000DCA90008E825002010B5134C86B001A929
:1059C00000222046FFF770FD694600222046FFF7BF
:1059D000A7FD9DF802309DF801209DF804409DF838
:1059E00005109DF803001B0443EA425343EAC42315
:1059F0009DF8062043EA411343EA5203143043EA78
:105A0000406006B010BD00BFF824002084B010B480
:105A10000DF1080C8CE80E000B46049913430B4360
:105A2000DDE90541426823430B4307995DF8044BC8
:105A300022F4FD420B4322F07F021343436004B083
:105A400000207047D0F88000704700BF0B68C0F896
:105A500080300020704700BF0323036000207047A0
:105A6000006800F00300704714304058704700BFD2
:105A700010B4D1E900428B684462CC68826223434F
:105A8000D1E90441C26A234322F0F7020B431343D6
:105A9000C3625DF8044B0020704700BF00220F4B2B
:105AA0008260C2680E491B686FF30B02A1FB0313EF
:105AB00042F480625B0A41F28831C26001FB03F369
:105AC00043B1426B120603F1FF33F9D5C52383635B
:105AD000002070474FF00040704700BF00000020DA
:105AE000D34D621041F0004141F48011164B8160AA
:105AF000C26816491B686FF30B02A1FB031342F443
:105B00008D625B0A41F2883142F0010201FB03F32E
:105B10008446C26043B1DCF8342012F0450F01D056
:105B2000120504D5013BF6D14FF000407047DCF878
:105B3000340010F0040015BF0420C523CCF8380051
:105B4000CCF83830704700BF00000020D34D621001
:105B5000474B10B41B68474CA4FB03435B0A03FB91
:105B600002F2531E4AB1426B12F0450F03F1FF33AC
:105B700001D0120506D55C1CF5D14FF000405DF850
:105B8000044B7047436B5B073CD4436BDC0707D483
:105B9000C52383630369DBB2994204D00120EEE799
:105BA00001238363FAE74369334818400028E6D0AD
:105BB000002B2BDB5A002CD49C002CD4D9002CD4E5
:105BC0001A012DD45C012ED4D9012FD41A0230D45D
:105BD0005C0231D499023BD4DA0236D45C0331D46E
:105BE00099032CD4DA033FD41C043AD4590435D495
:105BF0009A0430D413F0080F0CBF4FF480304FF4E8
:105C00000000BCE7042383631846B8E74FF0007038
:105C1000B5E74020B3E78020B1E74FF48070AEE7EE
:105C20004FF40070ABE74FF48060A8E74FF40060DA
:105C3000A5E74FF48050A2E74FF400509FE74FF4E0
:105C400080209CE74FF4003099E74FF4004096E73E
:105C50004FF4804093E74FF4800090E74FF400103A
:105C60008DE74FF480108AE74FF4002087E700BFEC
:105C700000000020D34D621008E0FFFD8160C16884
:105C80006FF30B0141F48A61C16041F28832102147
:105C9000FFF75EBF8160C3686FF30B0343F48A6351
:105CA00043F0010341F28832C3601121FFF750BF76
:105CB0008160C3686FF30B0343F48A6343F002030C
:105CC00041F28832C3601221FFF742BF8160C16890
:105CD0006FF30B0141F48B61C16041F288321821EE
:105CE000FFF736BF8160C3686FF30B0343F48B6328
:105CF00043F0010341F28832C3601921FFF728BF46
:105D000000238360C368054A6FF30B0343F4896380
:105D100043F00403C3600C21FFF71ABF00E1F5054F
:105D20008260C3686FF30B0343F4886343F0070397
:105D300041F28832C3600721FFF70ABF8160C36860
:105D40006FF30B0343F48E6343F0070341F2883291
:105D5000C3603721FFF7FCBE8160C3686FF30B039C
:105D600043F4896343F0050341F28832C3600D2197
:105D7000FFF7EEBE124B134A1B68A2FB032341F24E
:105D800088315B0A01FB03F301463BB14A6B12F019
:105D9000450F01D0120504D5013BF7D14FF000406B
:105DA00070474B6B5B0707D4486B10F0010014BFC2
:105DB0000123C5238B63704704208863704700BFAD
:105DC00000000020D34D621000238360C3686FF38E
:105DD0000B0343F4986343F00203C360FFF7CABFA9
:105DE0008160C3686FF30B0343F4996343F00103CD
:105DF000C360FFF7BFBF00BF204B10B41B68204C2F
:105E0000A4FB03435B0A41F2883404FB03F33BB178
:105E1000446B14F0450F01D0240506D5013BF7D1A2
:105E20004FF000405DF8044B7047436B5B071BD499
:105E3000436BDC0705D40369DBB2994204D001202F
:105E4000F0E701238363FAE7C5238363436913F40F
:105E5000604010D05A040BD413F4004F0CBF4FF421
:105E600080304FF48050DDE7042383631846D9E780
:105E70004FF40050D6E71B0C1380D3E7000000203E
:105E8000D34D621000238360C3686FF30B0343F4A8
:105E9000886343F003030A46C3600321FFF7ACBFE6
:105EA000144B154A1B68A2FB032341F288315B0A9D
:105EB00001FB03F301463BB14A6B12F0450F01D0E1
:105EC000100504D5013BF7D14FF0004070474B6BF4
:105ED0005A070CD4486B10F0010005D14B6B5B06E0
:105EE000F4D540238B63704701238B6370470420F4
:105EF0008863704700000020D34D62104FF4D572C4
:105F00008260C2686FF30B0242F48962C260FFF7DD
:105F1000C7BF00BF034B03EB800203445268187AEB
:105F2000536818471428002038B5084D2B5C5BB91E
:105F300005EB80022B1852680446187A13689847BC
:105F400008B901232B5538BD002038BD1428002086
:105F500030B4054C04EB800504446D68207AAC68CD
:105F6000A44630BC604700BF1428002030B4054C64
:105F700004EB800504446D68207AEC68A44630BCCC
:105F8000604700BF14280020044B03EB000C03EB18
:105F900080039CF808005B681B69184714280020E0
:105FA000264A136870B4ABB10468A34209D01369E0
:105FB000ABB1A3423AD002290CBF0020122070BC22
:105FC000704784685568A5420CD015693DB1AB4255
:105FD000F1D110E0146914B10568A5420DD000207C
:105FE00070BC704745699668AE4225D01569002D92
:105FF000F5D09D42DFD1002501E084680125536979
:10600000A34202D0002DD6D0E9E7946943699C42AF
:10601000F8D1012369B902EB031270BC9089A0F595
:106020008070B0FA80F04009000170478468002554
:10603000E5E7102070BC70470023EBE7EC27002059
:106040000246294BF0B418681568854224D01C69B3
:10605000AC4206D000282FD0002C41D00020F0BC4C
:1060600070475E699768BE42F4D19E695769BE4227
:1060700008BF4FF0010CEDD103EB0C124FEA0C14EA
:106080009289A1B1002AE9D10CF101004FF480728C
:106090002344F0BC9A81704794685E68A642D6D1CA
:1060A00054699E68A642D2D14FF0000CE4E7013259
:1060B00092B20CF10100EBE7844601204FEA0C1488
:1060C00000291D519568526903EB0C11C1E9015279
:1060D0004FF000028A8114BF4FF480720122D7E78B
:1060E00002204FF0010CE9E7EC270020016899B18C
:1060F00091F800C0BCF11F0F13D90A46634603E0B4
:1061000012F8013F1F2B0CD93A2BF9D1BCF1300FFB
:1061100002D101318A4202D04FF0FF307047013284
:1061200002600020704700BF38B50D4640B10368DB
:1061300004462BB11A781AB18188DA88914203D0CB
:10614000092000232B6038BD5878FFF7E3FE10F0DC
:106150000100F5D12368F5E7F8B5C3780BB9002045
:10616000F8BD056B00F134070446012340782A4648
:106170003946FFF7FBFEA8B9626AE369E070AA1A24
:106180009A42ECD2A678012E01D8E8E7E36960785C
:106190001D442A4601233946013EFFF7E7FE012E42
:1061A000F4D1DCE70120F8BD2DE9F8430026D0F852
:1061B00000808E75C369002B58D0036B01330746EE
:1061C0000D461DD0D8F80C301888A0B101F1150685
:1061D00001240BE0B4F5807F0DD006F8010FD8F84C
:1061E0000C3033F81400621C30B11446002101F069
:1061F0006DFF0028EED100242C440023A375AE7D52
:106200003F6A00207C1E02464FF0E50814F8013F6B
:10621000202B02F101021AD0052B29D0092A30D0F7
:1062200029184B7296B9A3F1410CBCF1190F0CD887
:10623000082A97F80CE08CBF4FF0100C4FF0080CB8
:106240001EEA0C0F01D02033DBB28B7501300B2A14
:10625000DCD12918C6B300234B72FB7A2B72FB6981
:106260002B60D7F81630EB801B0CAB80BDE8F883B1
:10627000092A2FD0291881F80980002EE6D1E523BC
:10628000E3E700F1010CAEB905EB000E4FF02E096B
:106290008EF816908EF8099005EB0C01A3F1410ED3
:1062A000BEF1190F4B722AD8604697F80CE04FF0F8
:1062B000100CC5E72918AC444FF02E0E81F809E008
:1062C00002308CF80930A1E78E753B7B002B08BFAC
:1062D0002946C0E7431C2B4429184FF02E0C2EB141
:1062E00081F809C0E521023059728FE781F816C0A4
:1062F00081F809C0E52102305972997586E78B75DE
:10630000023083E738B5036B8B4201D1002038BDE2
:1063100005460C46FFF720FF0028F8D12246687892
:10632000012305F13401FFF713FE00281CBF4FF0D5
:10633000FF3401202C6338BDF8B50546FFF70CFF8C
:1063400050B92B78032B08D0002268781146FFF74C
:106350001BFE003818BF0120F8BD2E79012EF3D1A5
:1063600005F13407014604464FF40072384603F045
:10637000ADFA4AF65523A5F832320C4B6B6303F1A4
:10638000FF532A6A6869C5F81C0203F500532033DD
:10639000C5F8183201322B69C5F8203268782A63B3
:1063A00033463946FFF7E2FD2C71CDE75252614189
:1063B0002DE9F8433F4D0C4606461F460A44A242CB
:1063C0000FD014F8013BA3F161011929F7D9E9189D
:1063D0007F2B88BF11F8803C002BF0D10020BDE856
:1063E000F88396F80080B8F1000F32D0314D304676
:1063F0004246A1460DE019F8013BA3F16101203AA4
:10640000192992B219D8203B9BB293422BD110F894
:10641000012F3F2A2DD02A2A2BD0A2F16103192B5C
:10642000E9D97F2A19F8013B88BF5219A3F161010C
:1064300088BF12F8802C1929E5D97F2B84BF5B19FE
:1064400013F8803C93420ED1002BE0D10120BDE82F
:10645000F883002FCAD0F9E74946FFF7A9FF0028C3
:10646000F4D199F800300134002FB7D0002BBED101
:10647000B4E7037801303F2B014617D001230022F7
:1064800090F800C0BCF13F0F01F101010BD0BCF14D
:106490002A0FE1D10846012390F800C0BCF13F0F5C
:1064A00001F10101F3D108460132E9E700231A4660
:1064B000FAE700BF30A5000870B54FF0FF360023A3
:1064C000B1420446C370066322D1B4F832224AF6C0
:1064D00055239A421AD194F83430E92B07D0636BD4
:1064E000134A03F0FF13934201D0022070BDD4F889
:1064F0006A30104A23F07F43934217D0D4F88600C5
:106500000D4BC01A18BF0120400070BD032070BDA4
:106510000D460A464078012304F13401FFF718FDC7
:1065200010B12663042070BD2563CEE7002070BD46
:10653000EB0090004641540046415433F0B500232F
:1065400085B00B600E461746FFF7D0FD041EC0F263
:10655000BB80884B53F82450002D00F0C28035607A
:106560002B7807F0FE0753B16878FFF7D3FCC30719
:1065700005D417B1470700F1B18000209FE0E0B2D9
:1065800000232B706870FFF7CFFCC60700F19980DD
:1065900017B1440700F1A28000212846FFF78CFFC5
:1065A000022873D0042800F09E80012898BF00269E
:1065B00000F28480B5F83F30B3F5007F7ED1B5F8A6
:1065C0004A1001B9A96D95F84420E961531E012BC9
:1065D000AA7073D895F841306B81002B6ED0581E8D
:1065E00018426BD1B5F845702F81380766D1B5F8E0
:1065F000470000B9686DB5F842C0BCF1000F5DD02E
:1066000001FB02F20CEB17141444A04256D3001BFA
:106610009842B0FBF3FE51D30CEB06034FF6F57C2A
:10662000E64534440EF102005FD96B62B5F85E3086
:10663000EC623B43A8612E6240D1830003F2FF135A
:106640002A6EAA62B1EB532F38D3B5F864204FF00D
:10665000FF338021012AC5E9043329716AD0032060
:106660004549464A28700B881068454CEC60013358
:106670009BB285420B80EB8004BF0023136013693B
:106680009D427FF47AAF0023136176E76C4605F5EF
:10669000F97305F2322021461A7902B19A6841F85D
:1066A000042B10338342F7D104F1100754F8046B24
:1066B000032066B9BC42F9D1042814D00D2005B0DE
:1066C000F0BD032005B0F0BD0B2005B0F0BD314694
:1066D0002846FFF7F1FE0128ECD86BE70A2005B049
:1066E000F0BD0C20EBE70120E9E740F6F57CE6453C
:1066F0002E62EC62A8616B6211D9002FDED01A44C1
:106700004300022003F2FF13B1EB532FAA62D5D34B
:106710004FF0FF338022C5E904332A71A0E7002F30
:10672000CCD000EB40041A4400F0010303EB540307
:106730000120E7E7711C2846FFF7E4FD00288ED111
:10674000B5F8321228714AF65522914287D16A6B08
:106750000C4B9A4283D103F1FF53D5F8182203F56D
:10676000005320339A4204BFD5E98732C5E9042398
:1067700075E700BF102800200C280020EC2700201F
:10678000EC250020525261412DE9F8430778022F91
:1067900004460D46164642D0032F2ED0012F53D16A
:1067A000436A01EB510803EB5829036B99454ED11D
:1067B00000F1340708F1010915F00105C8F30808D4
:1067C000F1B24FEA592274D017F8083003F00F03E2
:1067D00043EA011307F808300123E370636A02EB10
:1067E0000308236B98456ED1C9F308094F44C6F3DB
:1067F000071301223B70E27023E0426A036B02EB55
:10680000D118984545D100F13407AD0005F4FE7567
:1068100001227B5966F31B037B51E27011E0426A4F
:10682000036B02EB1128984522D100F134076D006B
:1068300005F4FF757A197E550123C6F307265670B5
:10684000E3700020BDE8F8830220BDE8F883FFF77D
:1068500083FC0028F9D13B4604F1340760784A46AE
:106860003946FFF775FB00284BD1C4F83090A1E7FB
:10687000FFF772FC0028E8D104F1340760780123A7
:1068800042463946FFF764FB00283AD1C4F830800D
:10689000CDE7FFF761FC0028D7D104F13407607819
:1068A000012342463946FFF753FB50BBC4F8308002
:1068B000ABE707F808100123E370636A02EB0308F3
:1068C000236B434513D02046FFF746FC0028BCD17C
:1068D0006078012342463946FFF73AFB88B9C9F38D
:1068E0000809C4F830804F44002D80D102E0C9F37C
:1068F00008094F443B78C6F3032623F00F033343C4
:1069000077E74FF0FF33236301209EE701292BD95E
:10691000836999422DE9F0410C46054602D30120D6
:10692000BDE8F0810678022E2ED0032E1ED0012E57
:10693000F5D1436A01EB5107016B03EB57288845FA
:106940002ED1C7F3080207F101082A4403EB5827A8
:106950008F4292F834605AD02846FFF7FDFB00289A
:106960004CD04FF0FF30DBE701207047466A036BE5
:1069700006EBD1169E4233D1A40004F4FE742544E4
:10698000686B20F07040CBE7466A036B06EB11267C
:106990009E4217D1630003F4FF732B44988EBFE728
:1069A000FFF7DAFB0028DCD168783346424605F170
:1069B0003401FFF7CDFA002836D16B6AC5F8308074
:1069C0004146BEE7FFF7C8FB0028CAD1687801231B
:1069D000324605F13401FFF7BBFA28BB2E63D9E735
:1069E000FFF7BAFB0028BCD168780123324605F1D5
:1069F0003401FFF7ADFAB8B92E63BDE7687801231B
:106A00003A4605F13401FFF7A3FA68B92F63C8F3DA
:106A100008072F4497F8343046EA0320E3074CBFB9
:106A20000009C0F30B007BE74FF0FF332B6398E7BF
:106A30000129F8B505680E4628D9AB698B4225D9DE
:106A40000746114622BB284611E0FFF79DFEF0B92C
:106A5000D5E90532911E8B4205D22979013341F0E7
:106A6000010129716B61A2421FD93868264631465F
:106A7000FFF74CFF0446002231462846ACB1012CFA
:106A800004D0631C13D0AB699E42DED30220F8BD54
:106A9000012AFBD09342F9D94FF0FF322846FFF785
:106AA00073FE0028F3D13868E1E70020F8BD01202B
:106AB000F8BD00BF2DE9F041076806468846002969
:106AC0004BD13D69BB699DB39D4228BF01252C4632
:106AD00006E001283DD0013050D0AC424AD0BB691D
:106AE00001349C4202D3012D44D002243068214657
:106AF000FFF70CFF0028ECD1012C2AD9BB699C427E
:106B000027D24FF0FF3221463846FFF73DFEF0B95D
:106B1000B8F1000F0ED1D7E90523023B9A423C6140
:106B200001D8013A7A613B7943F001033B7111E0EE
:106B30000125CCE7B8F1010F0BD0BB69984508D20D
:106B4000224641463846FFF71FFE0028E3D00128C1
:106B500014D001242046BDE8F0813846FFF7D6FE68
:106B600001280446F5D9431C08D0BB698342F1D8FB
:106B70004546ACE700242046BDE8F0814FF0FF34E5
:106B80002046BDE8F08100BF2DE9F04FC36945699B
:106B900083B0002B43D02035B5F5001F3FD2C5F39D
:106BA0000807D0F80080044647B108F134063E4497
:106BB00065612662002003B0BDE8F08F0E46816952
:106BC0000133C36121B3B8F80A30013B13EA5529F8
:106BD000EBD14046FFF79AFE0128824621D9B0F159
:106BE000FF3F63D0D8F8183083421CD9A0F1020BC4
:106BF00008F13406023B5B45C4F818A005D9B8F883
:106C00000A10D8F82C300BFB0139C4F81C90CEE7E1
:106C1000B8F80830B3EB551FC7D80023E361042050
:106C2000C9E70220C7E7002EF7D0A1692046FFF789
:106C300041FF824600283BD00128F2D0B0F1FF3F4F
:106C400034D04046FFF788FA0146019070BB08F146
:106C500034064FF40072304602F038FED8F818308F
:106C6000B8F80A10981EAAF1020B834536BFD8F86F
:106C70002C0001980BFB0100C8F83000E1B10021A5
:106C80000AE00199D8F83000B8F80A300131013033
:106C90008B42C8F830000DD94FF0010388F803305B
:106CA00040460191FFF758FA0028EAD0012082E718
:106CB000072080E7D8F81830401AC8F8300099E764
:106CC0002DE9F84F04460568D4F81CA04FF0FF08E2
:106CD0000F464646042005F13409BAF1000F2ED0C4
:106CE0002B6B9A450AD02846FFF736FA00285DD06C
:106CF0000023E361BDE8F88FC5F830A0216A0A7867
:106D0000002A63D0CB7AE52A03F03F03A3710AD0AF
:106D10002E2A08D023F02000A0F10800B0FA80F05D
:106D20004009B8420FD0FF2600212046FFF72CFF74
:106D30000028DDD1D4F81CA0BAF1000FD0D1002872
:106D400044D10020D6E70F2B4DD150063BD56369C7
:106D500091F80D80236302F0BF024B7B4345E2D1E3
:106D60004B8B002BDFD10878284BD5F80CA020F0F6
:106D70004000013800EB400600EB860003F10D0EE9
:106D80004FF0010C4FF6FF7B07E0FE28CBD82AF826
:106D90001060B446013073451AD013F8016B8E5B56
:106DA000BCF1000FF1D15E45F5D0BCE76878012356
:106DB00052464946FFF7CCF800289DD04FF0FF33EC
:106DC0002B63012094E79642ADD1C6E704208FE7FC
:106DD0000B785B0604D5FE28A5D800232AF81030CE
:106DE000013AD6B2A0E76EB901F10B0011F8012B00
:106DF000F30143EA560352FA83F38142DEB2F5D13E
:106E0000B0459ED04FF0FF3323639AE720A50008DA
:106E1000B1F5001FF8B5076822D2CA060D461FD18A
:106E2000816845610646E9B17B89B5EB432F4FEA9E
:106E3000432432D3384607E0012811D9BB69834285
:106E40000ED9AC422AD83068FFF760FD431C0146DA
:106E5000A5EB0405F0D10120F8BD0023C6E9061317
:106E60000220F8BD3B78022B12D83B89B3EB551FAB
:106E7000F6D9BB6AC6E90613002BF1D0C5F30802A8
:106E8000343703EB55231744C6E907370020F8BD14
:106E9000BB6A002BE9D01946C6E7BB69023B8A1ED4
:106EA0009A42DAD27889FB6A02FB0033E2E700BF3C
:106EB0002DE9F0478846002106680446FFF7A8FF41
:106EC000074658B9054606F13409D4F81CA0336BBF
:106ED0009A45304612D0FFF73FF930B1042814BF6D
:106EE000074607273846BDE8F087707801235246E9
:106EF0004946FFF72DF8A0B9C6F830A0236A1B78E1
:106F00000121E52B20460D4406D02BB10025FFF7CB
:106F10003BFE0028D9D0E1E74545F8D13846BDE829
:106F2000F0874FF0FF33012733633846BDE8F08721
:106F3000016B4B1C2DE9F04705684669044630D1CA
:106F400005F134094FF00108E527D4F81CA02B6B9C
:106F50009A45284610D0FFF7FFF820B1042808BF53
:106F60000220BDE8F0876878012352464946FEF7C3
:106F7000EFFF80B9C5F830A0236A1F7085F8038041
:106F80006369B3424FF00001204610D2FFF7FCFDC9
:106F90000028DAD0E2E74FF0FF332B630120BDE891
:106FA000F087FFF735FF0028CAD0BDE8F087002042
:106FB000BDE8F0872DE9F04F002187B0066805464F
:106FC000FFF726FF88B94FF0FF374FF0FF0A2F6316
:106FD00006F1340B5446D5F81C80336B984509D024
:106FE0003046FFF7B9F800284BD007B0BDE8F08F66
:106FF000C6F830802A6A1178002967D0D37AE5294B
:1070000003F03F00A87103D01B070CD50F2827D031
:107010002F63FF2400212846FFF7B6FD0028DAD0B1
:1070200007B0BDE8F08F0F281AD0002C38D095F8A3
:107030002F0010F00100EBD105F1240102F10B0C3F
:1070400001E0002BE4D112F8013B11F8014B62453D
:10705000A3EB0403F5D1002BDAD107B0BDE8F08F24
:1070600095F82F305B06D5D448062BD56B6992F87E
:107070000DA02B6301F0BF01537B534528D0FF24A3
:10708000C8E77078012342465946FEF761FF0028A1
:10709000AED04FF0FF330120336307B0BDE8F08F6F
:1070A00002F10B0C1146234611F8010BDC0144EAF6
:1070B000530450FA84F46145E3B2F5D19A45B6D150
:1070C000002092E78C42D7D0FF24A3E704208CE76E
:1070D000538B002BD3D11478DFF89480029504F001
:1070E0003F04013C04EB440304EB8304F368059381
:1070F000CDE900A608F10D090120049116461D46B0
:10710000CDF80CB010E0FE2C504617D800F0F8FF78
:10711000834635F8140000F0F3FF834504F10104C1
:107120000CD15046C1450ED018F8013B36F803A0EB
:107130000028E8D14FF6FF739A45F3D0DDE900A6A9
:10714000DDE9025B9BE73246DDF800A01378049985
:10715000DDF80CB05B06DDE9016505D520B1059BC6
:1071600033F81430002B8AD10139CCB252E700BF7A
:1071700020A500082DE9F04FD0F8009083B0074615
:107180000D4611F8013B2F2BFAD05C2BF8D00021D3
:10719000B96028781F2840F220814B461F28D3F879
:1071A0000C8041D9A8F10206AB46B246012409E0A1
:1071B0002AF8020F1BF8010F1F2804F1010340F207
:1071C000C9801C462F2817D05C2815D0B4F5807FC5
:1071D0000ED0012100F07AFF50B17F28E8D8944A00
:1071E000222303E012F8013F002BE1D09842F9D1AD
:1071F000062003B0BDE8F08F2B191A782F2A1D4600
:1072000003F10103F9D05C2AF7D0013C00F00D81B5
:107210004FF0000A08EB440232F8023D202B01D067
:107220002E2B05D1013CF7D10023A8F80030DFE771
:107230004FF02031002328F8143008EB4402B962E3
:107240007962C7F82B1000E0013336F8020F2028CE
:10725000FAD02E28F8D023B14AF0030A01E0013C0D
:1072600003D032F8021D2E29F9D15E1CC8B34FF0AD
:10727000000B08235A46202855D02E285ED09A426B
:1072800054D2B4425CD07F2800F28680DFF8A8C1D7
:107290002B2104E01CF8011F002900F0A780814287
:1072A000F8D14AF0030A5F20B918013281F82400AE
:1072B00038F8160001360028DDD197F82420E52A99
:1072C00004BF052287F82420082B47D00BF00C03BD
:1072D0000C2B04D00BF0030BBBF1030F70D14AF061
:1072E000020A87F82FA03846FFF764FE97F82F3080
:1072F000002849D15A073FF57CAFBB79DB0640F146
:1073000090807A6999F80010C2F3080209F13403F9
:10731000134403295A8B04BF9B8A42EA0342BA6092
:1073200028783B683AE74AF0030AC1E70B2B6ED096
:10733000B44207D04AF0030ABFD303E0B442F2D10B
:107340000B2B64D04FEA8B0B5FFA8BFB26460B238B
:107350000822ADE71D444FF0040A5BE74FEA8B03B8
:1073600003F00C030C2BBAD01AF0020FB9D1042B86
:1073700008BF4AF0080A87F82FA03846FFF71AFE20
:1073800097F82F300028B5D004287FF432AF13F0DF
:10739000040F08BF05202CE70021CDE9002300F0F1
:1073A00095FE4AF0020ADDE9002300283FF479AF98
:1073B0002049014411F8800C00283FF472AF65E7C2
:1073C0001AF0020F8DD1BBF1010F08BF4AF0100A6D
:1073D000042B08BF4AF0080ACDE78023384687F817
:1073E0002F3003B0BDE8F04FFFF712BDA0F141010F
:1073F000192903D84BF0020BC0B255E7A0F1610187
:1074000019299CBF20384BF0010BC0B24CE797F80C
:107410002430E52B02D1052387F824304AF0030AF3
:1074200054E7052003B0BDE8F08FA8F80040DFE680
:1074300068A4000830A5000874A400082DE9F04FE6
:1074400090F82FC01CF0A00289B040F0E8800668D8
:10745000F5682B880446002B00F00E8193462B46DE
:1074600033F8022F0BF1010B002AF9D104F12407A4
:1074700097E807000DF1140A1CF0010F8AE80700D5
:107480007DD040234FF00109DFF8A48284F82F302B
:107490002B464D46E1469AE80700BC46ACE803009F
:1074A0002CF8022B110C052D8CF8001040F2B38043
:1074B0001A88002A00F0AF809C462B46102102F06B
:1074C000010000EB4303D80348BF83EA08030139F6
:1074D0004FEA5202F3D13CF8022F002AEED1D446F3
:1074E000072200E0734603F00F0000F13001392954
:1074F00088BF00F137010F2B0CF8011D4FEA131E56
:1075000002F1FF32EED802F120036B447E2103F832
:10751000141C002A00F0818004F12300002101E006
:107520008A427AD010F801CFBCF1200F0B4601F14E
:107530000101F5D12333234402F120016944072AD4
:1075400098BF11F8140CA3F12201A1EB04018CBF28
:10755000202001320729587003F10103ECD920469D
:10756000FFF728FD28B90135642D00F08780F36806
:1075700091E70428CC46054613D184F82FC01CF0AF
:10758000020F12D0684B0BF10C08A3FB08234FEA43
:10759000930B0BF101012046FFF78AFC05460028FA
:1075A00042D0284609B0BDE8F08F01212046FFF700
:1075B0007FFC05460028F4D1D4F81C80336B984535
:1075C00010D03046FEF7C8FD05460028E9D1707896
:1075D0000123424606F13401FEF7BAFC002856D1D9
:1075E000C6F830802022206A002102F06FF9236A59
:1075F00004F12F02013B17F8011B03F8011F97420A
:10760000F9D194F82F30216A03F0180301220B738B
:107610000025F270C5E72B4661E713468AE7062589
:10762000284609B0BDE8F08FB8F10C0FC4D06169ED
:107630002046A1EB4B11FFF7EBFB05460028B0D12C
:1076400004F12F013A4612F8010BEB0143EA55030E
:1076500050FA83F38A42DDB2F5D106F13403CDE965
:107660000037E769336B9F4217D03046FEF774FD51
:10767000034628B11D4694E79B46F7E6072590E7A9
:107680007078009901233A46FEF762FC20B14FF072
:10769000FF333363012584E73763276A2349D6F82C
:1076A0000C907D735FFA8BFA0AF1FF320F2302EB25
:1076B0004200A7F80B30002302EB80027B8301F12C
:1076C0000C0801204FF6FF7E0DE039F812303B54D4
:1076D000180A01328CF801000BB94FF6FF73884588
:1076E00008D011F8010F734507EB000CEDD1884568
:1076F0003B52F6D14FF6FF718B4202D039F812306F
:107700000BB94AF0400A012387F800A00021F3706A
:107710002046FFF739FA03460028ABD1BBF1010B35
:107720009FD1019F48E700BF4FECC44E20A5000841
:107730002110010030B585B01446019003A80091D6
:107740000391FEF7D3FC002824DB144951F82030C4
:1077500063B1134A1568AB4204BF00251560156973
:10776000AB4204BF0025156100221A70019B73B162
:107770000022012C41F820301A7002D0002005B000
:1077800030BD01A96846FEF7D9FE05B030BD41F80D
:107790002030F3E70B2005B030BD00BF10280020DB
:1077A000EC2700202DE9F04F93B00191002848D03C
:1077B00002F03F07164604463A4603A901A8FEF721
:1077C000BDFE054628B100232360284613B0BDE85E
:1077D000F08FDDF80C800199CDF8108004A8FFF738
:1077E000C9FC034630BB9DF93F30002B30DB16F05F
:1077F0003E0914BF0121002104A8FEF7D1FB16F0B9
:107800001C0F034626D108BB9DF81630DA0642D479
:10781000B60701D5D80731D4DDF830A0D8F830202C
:10782000C4E9092A04A8FEF70BFC2061002834D122
:107830000225C8E716F01C0F08D0042B15D01D46F2
:10784000C1E70925284613B0BDE8F08F0546BAE721
:107850000625B8E70028F0D19DF8163013F0110F77
:107860000CD170070CD50825ADE7724B1A68002AB9
:1078700055D01B69002B52D01225A4E70725A2E79B
:107880003107DDF830A053D4B9F10001D8F8302029
:1078900018BF0121C4E7042595E798F80030BAF82D
:1078A0001A60032B04BFBAF8143046EA0346A660F8
:1078B000DAF81C90B8F80630C4F80C90002104F1F6
:1078C000300A4FF40072C4F80080A3802775E1628B
:1078D00061752162A161504601F0F8FFBA067FF59B
:1078E00074AFB9F1000F3FF470AFB8F80A30C4F8C4
:1078F0001890B9EB432F4FEA432705D855E0431CB6
:1079000000F095804F4550D231462068FEF7FEFFCB
:1079100001280646A9EB0709F1D8E06188E704A829
:10792000FFF78CFD002891D1DDF830A047F0080763
:10793000FEF742F82023CAF80E00CAF816008AF8AB
:107940000B3098F80030BAF81A60032B04BFBAF86D
:10795000143046EA03460023AAF81A3098F80020AB
:107960004FF0010B032A4FF0000208BFAAF81430B1
:10797000CAF81C2088F803B02EB9D8F8302047F098
:10798000400701214CE7314604A8D8F83090FFF7B2
:107990004FF800287FF45AAFD8F83020914506F10F
:1079A000FF3626D1C8F81060E9E7C9F30803E6619D
:1079B000002B3FF40AAFD8F81830023E023B9E423B
:1079C000BFF436AFB8F80A30D8F82C2006FB0322F3
:1079D000002A3FF42DAF02EB5922226298F80100F1
:1079E00051460123FEF7B4FA00283FF4EEAE01251C
:1079F000E9E64046FEF7B0FB18B1C8F8106005464E
:107A0000E1E698F801005B464A4608F13401FEF7CA
:107A10009FFA30B14FF0FF33C8F83030C8F810602B
:107A2000E5E7C8F81060C8F830904A46A7E7E0617B
:107A3000DDE700BFEC2700202DE9F04F994685B027
:107A400000230C46C9F8003003A905469046FEF70E
:107A50006BFB0746002853D16F7D002F50D12A7D44
:107A6000910740F1C480AB6913EB080F28BF6FEAA0
:107A70000308B8F1000F71D0C3F30802002A43D104
:107A8000DDF80CA0BAF80A60013E16EA53264FEA68
:107A900053220ED1002B7FD1A868002800F0A980C6
:107AA00001282BD0431C00F09C80AB68E86103B92F
:107AB000A86095F91430002BC0F28580EB69DAF8E4
:107AC0001820023B023A934218D2BAF80A10DAF8A8
:107AD0002C2001FB03228AB1B8F5007F324441D249
:107AE000296AAB69914203D0E968994200F291801A
:107AF00005F130062A62C3F3080207E002276F751A
:107B0000384605B0BDE8F08F05F13006C2F5007BC0
:107B1000C34502F1FF3228BFC34606EB020C2146E3
:107B200004EB0B0211F8013B0CF8013F9142F9D133
:107B30002B7D63F07F032B75AB691446EA685B44C9
:107B40009A4238BF1A46EA60D9F80020AB615A441D
:107B5000B8EB0B08C9F800208ED12A7D42F0400214
:107B60002A75CDE706EB58238B424FEA582B88BF86
:107B7000A1EB060B9AF8010001925B462146FEF745
:107B8000F5F970BB2B6A019A9B1A5B454FD304EB46
:107B90004B224FEA4B2BCFE7E96A91B32B685B8905
:107BA000B2FBF3F34A6804312AB9D6E79B1A51F8BD
:107BB000082F002AD1D09A42F8D9486818440028E2
:107BC0007FF46EAFC9E72A6A9AF80100012305F134
:107BD0003001FEF7CBF920B92B7D03F07F032B7525
:107BE0006CE7012738466F7505B0BDE8F08F0727B1
:107BF00086E731462846FEF75DFF00287FF450AF48
:107C0000ABE7E9692846FEF755FF00287FF448AF47
:107C1000A3E705F130069AF80100019201233146ED
:107C2000FEF796F90028DCD1AB69019A62E704EB14
:107C3000432305F12F0203F5007013F8011B02F82E
:107C4000011F8342F9D12B7D03F07F032B759EE743
:107C500000283CD0F8B5036804462BB11A781AB155
:107C60008188DA88914201D00920F8BD5878FEF762
:107C700051F9C207F8D4237D13F04000F5D01B065C
:107C8000256838D4FDF798FE666A2B6B9E4207463E
:107C90001FD1A36ADA7A42F02002DA72A268216860
:107CA0009A76C2F30720D8760978032931D0E268A2
:107CB000DA610022C3F816705A820123EB7028465D
:107CC000FEF73AFB237D23F040032375F8BD09201E
:107CD00070472846FEF740FA0028C6D1687801238D
:107CE000324605F13401FEF733F9B8B14FF0FF33F6
:107CF0002B630120F8BD226A6878012304F130016A
:107D0000FEF734F90028F4D1237D03F07F032375B7
:107D1000B8E7120C1A75120A5A75C8E72E63B8E74D
:107D200070B584B00191002834D00546002203A923
:107D300001A8FEF703FC044620B100232B60204677
:107D400004B070BD039E01992E602846FFF712FA19
:107D50000446D8B995F92F30002B0BDBAB79DB0645
:107D600016D531782A6A0329538B04BF928A43EAD5
:107D70000243AB60F388AB8000212846FFF748F848
:107D8000044618B9AB684BB92861D8E7042CD4D1A4
:107D90000524D2E70924204604B070BD01462846D8
:107DA000FEF74EF928610028C9D11224C5E700BFAB
:107DB00028B3036870B5044633B11A7822B1DA8863
:107DC0000D468188914201D0092070BD5878FEF798
:107DD000A1F810F00101F7D19DB12046FEF770FF28
:107DE00010F0FB06F1D129462046FEF7DDF93146B9
:107DF0002046FEF7C9FE042808BF002070BD0920F8
:107E0000704729462046BDE87040FFF701B800BF23
:107E100070B505460C46FFF7CBFF98B98CB104F15D
:107E2000160608E0686BFEF7C3FA50B921462846EB
:107E3000FFF7BEFF30B9A07D00231A463146002867
:107E4000F0D1002070BD00BF38B50D464363114628
:107E50000446FFF765FF00B138BD29462046BDE85E
:107E60003840FFF7D5BF00BF30B5A1B00222019066
:107E700003A901A8FEF762FB039C049408B121B09A
:107E800030BD019904A8FFF775F90028F7D1022148
:107E900004A8FEF785F80028F1D19DF93F30002BAA
:107EA00019DB9DF81630DA0713D421780C9A0329D0
:107EB000558B04BF928A45EA0245DB060DD404A81F
:107EC000FFF736F80028DAD1C5B92046FEF734FAB4
:107ED000D5E70720D3E70620D1E7002112A81294A6
:107EE0001495FEF795FF0028C9D1014612A8FEF7A8
:107EF000E7FE0028EDD00428C1D1E0E7024629467C
:107F000004A8FEF795FD0028B9D1DEE72DE9F04180
:107F100098B00222019003A901A8FEF70FFB0446C6
:107F200000BB0198039E03780A961F2B73D9034662
:107F3000194613F8012F1F2AFAD8C0F101050D4484
:107F4000431904E013F8012D202A0FD10D46691EB4
:107F5000002DF7D100210AA80C91FEF759FF044625
:107F6000002848D0204618B0BDE8F081002400F178
:107F7000FF388DF8104008EB0507012118F8010FB4
:107F800000F0A4F800F0BCF8002100F09FF838B130
:107F90003B4A222302E012F8013F33B18342FAD177
:107FA0000624204618B0BDE8F081FF2820D9092C0E
:107FB000F6D804F160030DEB0302030A013402F862
:107FC000503C04F160036B44B84504F1010403F82C
:107FD000500CD2D10B2C06D004ABC4F10B021819F3
:107FE000202101F073FC9DF81030E52BB2D1D7E7CA
:107FF0000B2CE6D1D4E701210AA8FEF761FE60B997
:10800000129AA5BBE52313700123F3703046FEF7E7
:1080100093F90446A6E7254692E7042801D00446D2
:10802000A0E7002D9ED001210AA8FEF741FF0446DB
:10803000002897D1129B0821C3F80B00C3F80F004A
:10804000C3F81300C3F8170004AAC3F81B00D877BD
:10805000D97203CA1860108818819078987201222A
:1080600059603046F270FEF767F904467AE704ABD0
:1080700003CB106018889B78108151609372C3E71E
:1080800010A5000810B4104B5C7ACCB9024604F07D
:10809000FF005C7A18555C7A03EB840462605C7ABA
:1080A0005A7A1C442072541CE4B25C7230323A2476
:1080B0002F234C700A705DF8044B8B70C8707047AA
:1080C00001205DF8044B7047142800207F280FD949
:1080D00059B90A4B02E00131802908D033F8022B4C
:1080E0008242F8D1803188B27047FF2801D9002040
:1080F0007047024B803833F81000704760A80008C2
:1081000010B5244B244AB0F5805F38BF13460433C2
:108110000DE0884210D333F8022C5FFA82FC0CEB9E
:10812000010E70454FEA122207DB043372B133F8B7
:10813000041C1C460029ECD110BD082AFCD8DFE83D
:1081400002F00C1016191C1F2225080004EB4C032A
:10815000DDE7A0F5E35080B210BD401A33F81000FF
:1081600010BD431A03F00103C01A80B210BD1038CD
:1081700080B210BD203880B210BD303880B210BD42
:108180001A3880B210BD083080B210BD503880B2AD
:1081900010BD00BFB0A500086CA600082DE9F04F87
:1081A00087B00D46DDF84080044691461F46F9F73A
:1081B00029F9002D66D094F83430012B53D1E26DAB
:1081C00009EB070100239142A36360D806462068AB
:1081D000626C032184F83410C3624FF0FF330093C4
:1081E0007B0201934FF0020A9023012ACDE9023A63
:1081F0004FF0010B4FF00003694618BF4FEA4929C1
:10820000CDE9043BFDF734FC5F4534D92068C4F860
:1082100030A04946FDF74CFD226800283CD1DDF82E
:1082200004A040F22A3905E0F9F7ECF8801B40453C
:1082300075D22268516B11EA090F134637D1526B80
:108240001104F1D5BAF1000FEED005F1200B00E0DA
:1082500023681846FDF7F6FB45F8040B5D45F7D19A
:10826000AAF1200AE0E7A36B43F00053A3630120C7
:1082700007B0BDE8F08F2068C4F830B04946FDF77C
:1082800009FDC9E7A36B43F00063A363EFE7A36BAA
:1082900043F00073A363EAE73F4B9363A36B0121B1
:1082A00003430022A36384F834102263DFE7526B98
:1082B000D2050CD5012F0AD9626C032A07D01846C3
:1082C000FDF71EFD236810B1334A9A63E6E75A6B47
:1082D000170732D45A6B12F400722ED1596B11F079
:1082E000020136D15A6B90063ED4AA440BE05545A4
:1082F0000DD0FDF7A7FB45F8040BF9F783F8801BB9
:10830000404523683BD25A6B92021846EFD440F2A4
:108310003A5101229963002084F83420A8E72368A9
:108320001D4A9A63A36B012143F000430022A3631B
:10833000032084F8341022639AE7174A9A63A36BE8
:10834000012143F008030022A36384F83410226360
:108350008DE711499963A36B012143F00203A363E5
:1083600084F83410226382E70B4A9A63A36B0122DC
:1083700043F02003A36384F83420216377E7064A9F
:108380009A63A36B012143F000430022A36384F8A6
:10839000341022636BE700BFFF0540002DE9F04F6A
:1083A00089B00D46DDF84880044691461F46F9F72E
:1083B00029F8002D63D094F83430012B51D1E26DAF
:1083C00009EB070100239142A3635DD806462068AC
:1083D000626C032184F83410C3620023CDE90533B5
:1083E0004FF0FF3302937B0203939023012A0493FF
:1083F00002A94FF0010318BF4FEA49290793FDF77F
:1084000037FB012F494634D9202320682363FDF729
:1084100069FC226800283CD1DDF80CA040F21A3932
:1084200005E0F8F7EFFF801B404564D22268536BEC
:1084300013EA090F104637D1536B5904F1D5BAF13D
:10844000000FEED005F1200B00E0206855F8043B4A
:10845000019301A9FDF7FAFA5D45F6D1AAF1200AC8
:10846000DFE7A36B43F00053A363012009B0BDE82D
:10847000F08F102320682363FDF728FCC9E7A36B66
:1084800043F00063A363F0E7A36B43F00073A363BF
:10849000EBE7304B9363A36B012103430022A363FB
:1084A00084F834102263E0E7536BDA0509D5012F15
:1084B00007D9636C032B04D0FDF722FC002845D1BB
:1084C0002068436B1B0722D4436B13F400731ED147
:1084D000426B12F0020226D1436B13F010032DD031
:1084E0001C4B8363A36B012143F01003A36384F847
:1084F00034102263B9E72368164A9A63A16BA1631B
:108500000122002384F8342003202363AEE7114BBB
:108510008363A36B012143F008030022A36384F863
:1085200034102263A1E70B4A8263A26B012142F05F
:108530000202A26384F83410236396E740F23A51B2
:1085400001228163184684F834208FE72368014AAA
:108550009A63A0E7FF054000704700BF426E10B469
:108560000346940FC2F383600C704870C2F3016439
:10857000C2F307408C70C870C2F30720D2B20871F2
:108580004A719A6E140DCC80C2F303440C72C2F38C
:10859000C0344C72C2F380348C72C2F34034CC725B
:1085A0000020C2F300340C734873586C00286FD15C
:1085B000D86E40F6FC7404EA820242EA9072C0F37C
:1085C000C2640A610C75C0F34252C0F302644C7578
:1085D0008A75C0F38244C0F3C232CC750A760C6946
:1085E0000A7E02F007020232013494405C6591F881
:1085F00008C001220CF00F0C02FA0CF29A65520A24
:1086000004FB02F2DA65C0F380324FF400741C669A
:108610004A76C0F3C61200F07F008A76C8761B6FD8
:10862000DC0FC3F341720C774A77C3F38264C3F360
:1086300083528C770020CA77C3F34054C3F30042BF
:1086400081F8204081F82100C3F3C03481F8222052
:10865000C3F3803281F8234081F82420C3F34034EF
:10866000C3F3003281F8254081F82620C3F381242A
:10867000C3F3012281F82740C3F3460381F8282081
:10868000012281F8293081F82A205DF8044B7047D7
:1086900001280FD1D86E120402F47C1242EA104273
:1086A0000A610A69013292024FF40074C3E916426A
:1086B0005A65A8E71A68064991639A6B012142F04E
:1086C00080529A6383F8341008465DF8044B704773
:1086D000FF054000F0B5002299B07623CDE90A23CA
:1086E0000023099309AA054607CA8DE80700CDE9CA
:1086F0000633089306AB0ECB2868FDF787F918B14F
:108700000124204619B0F0BD7B4E0446012728689D
:10871000C6F8A040FDF7A0F90220C6F8A070F8F74F
:1087200077FE28680594FDF7B9F9044658B928681A
:10873000FDF7E4FB70B9AF6428680021FDF7FEFA8D
:1087400090B14FF08054012385F83430AB6B234354
:10875000AB63D5E72868AC64FDF7A0F9002840F0CA
:10876000C680AB6C012BE7D0059B4FF6FE76B3427B
:108770001DD8624F12E02868FDF7B4F90028E0D157
:1087800021462868FDF770F9059B01330593059B89
:10879000B34204464FEAD07209D842B90021286892
:1087A000FDF7CCFA394604460028E4D0CBE7059A19
:1087B0004FF6FE739A4200F29C80C4F3807401234A
:1087C00028686C64ADF81230FDF74AF9002800F013
:1087D00088806B6C2868032B30D10421FDF744F9A5
:1087E000000DE8640DA92846FFF7B8FE04460028EE
:1087F0007AD12A6D286812042346FDF791FA0146C2
:1088000000BB2A462B1D52F8106B07CA8DE80700E3
:1088100030460ECBFDF7FAF828684FF40071FDF7EB
:108820002DFA00283FF46DAF2B68354A9A63AB6B85
:1088300001220343AB6385F8342061E7FDF7C4FAF6
:10884000014630B1012385F83430AB6B0B43AB6389
:1088500056E72868FDF708F9034604216B67286886
:10886000FDF702F903460821AB672868FDF7FCF81D
:108870000346EB6728680C21FDF7F6F86B6CC5F82A
:108880008000032B2868A8D00DF11201FDF7FAFA39
:1088900001460028D6D16B6C2868032B9DD0BDF80B
:1088A000121029650904FDF79BFA01460028C9D179
:1088B0002868FDF7D9F8034604216B662868FDF7A0
:1088C000D3F803460821AB662868FDF7CDF80346C8
:1088D000EB6628680C21FDF7C7F803462B6728686C
:1088E0007BE74FF08061ADE74FF08051AAE7044687
:1088F00029E74FF0807426E700802542000010C170
:10890000FF054000C8B110B590F83430044603F0BC
:10891000FF0273B1032384F834302046FFF7DAFEF8
:1089200028B90123A063206384F8343010BD0120EE
:1089300010BD0277FCF7CCFFECE70120704700BFC9
:10894000F0B4D0E911C7D0E91365D0E91542D0E9F8
:108950001730C1E900C7C1E90265C1E90442C86135
:10896000F0BC00208B617047016D10B5090404460E
:108970000068FDF7F1F9014620B1A36B0B4300201D
:10898000A36310BD2068FDF76FF8C0F3432010BD4E
:1089900010B5846B236840F23A529A632046FFF781
:1089A000E3FF012205380023904284F8342023633A
:1089B00008D9A36B204613B900F046FE10BDFFF79F
:1089C000CBFD10BD2068FDF79BF9A36B0343A363A8
:1089D000EFE700BF2DE9F04104460068256B436BCB
:1089E0001A0482B01DD52B0700F1C080436BDB0554
:1089F0006BD54FF480738363C36B23F4434323F03D
:108A00003A03C363C36A23F00103C362290605D591
:108A1000AA0600F1EC80AB0700F0BB8002B0BDE815
:108A2000F081436BDF0523D54FF480738363C36B01
:108A300023F4434323F03A03C363C36A2E0723F0AE
:108A40000103C362E2D515F0220F40F0B08040F27E
:108A50003A5383630122002384F8342020462363A1
:108A6000AC0700F09F8000F0FBFD02B0BDE8F08194
:108A7000436B5F042AD52E0728D5666A002ECDD019
:108A8000276A07F1040807F1240500E0206818F8B8
:108A9000043C019318F8032C43EA0223019318F8CD
:108AA000022C43EA0243019318F8012C01A943EA7E
:108AB000026308F104080193FCF7C8FF4545E5D1BE
:108AC0002037203EC4E90876A8E7436B426B40F2AA
:108AD0003A231A42A2D0436B990703D5A36B43F004
:108AE0000203A363436B1A0703D5A36B43F0080388
:108AF000A363436B9B0603D5A36B43F02003A363DF
:108B0000436BDF0603D5A36B43F01003A363436BF2
:108B10009E0503D5A36B43F00803A36340F23A73A9
:108B20008363C36B23F44E7323F00203C363FDF727
:108B3000E7F8A36B290743EA0003A3633DD42A06A1
:108B40007FF56CAF15F0300F47D115F003055BD002
:108B5000206C324B0365F8F7ADFA00283FF45EAFA6
:108B6000206C02B0BDE8F041FFF712BFD4E90A570C
:108B7000002F3FF453AF05F1200600E02068FCF71A
:108B800061FF45F8040BB542F8D1203FC4E90A570C
:108B900044E72268D36A012123F00803D362204608
:108BA00084F8341000F056FD02B0BDE8F081FDF706
:108BB000A7F8034650B9206849E70122002384F84A
:108BC000342020462363FFF7C7FC27E7A26B13433B
:108BD0002046A363FFF7C0FCEDE7E06B104B036595
:108BE000F8F768FA00283FF419AFE06BB9E7FDF732
:108BF00087F8034600283FF40EAFA26B13432046CC
:108C0000A363FFF7A9FC06E70123A563204684F8C8
:108C10003430256300F018FD00E700BF258C000804
:108C200091890008FFF7B4BE00B583B000220A4B5B
:108C30000192196B41F4800119631B6B03F48003EB
:108C4000019311463820019BF8F72EFB382003B022
:108C50005DF804EBF8F764BB0038024010B586B04D
:108C6000002201A929482A4CFCF71EFC0022694673
:108C70002648FCF755FCAA232380F8F7DBFBA0600D
:108C8000F8F7DEFBE060F8F7E1FB9DF803109DF8D4
:108C900001309DF802C02061002261F3070263F3F6
:108CA0000F229DF8043003996CF3174263F31F629F
:108CB000029BBDF805C0A2614FF487704FF47A7231
:108CC000CB1A02FB03F30131A4F81CC0B3FBF1F390
:108CD000E383F8F79DFB00F05DFB06220D490E488B
:108CE000FCF7C4F90D4A1368012BFCD10C4BB3F906
:108CF00000300021B3F5167F116003DA00F0CEF8E2
:108D000006B010BD00F07AFA06B010BDF8240020BD
:108D100020280020B4280020B0240020CC280020E7
:108D2000A828002070B50822D8B0CC230DEB020192
:108D300000208DF80030FAF77FF804460020FAF79B
:108D400095F89DF80830BB2B0CD002238DF801302C
:108D5000042269460020FAF7DFF80020FAF798F8B5
:108D600058B070BD082CF0D19DF80940012C4DD0B1
:108D7000022C2FD0002CE8D1224612A94348FCF740
:108D800093FB224601A94148FCF7CAFB9DF8072046
:108D9000BDF84900ADF81400234662F307039DF8BF
:108DA00005203B4962F30F239DF8062062F3174329
:108DB0009DF84820204662F31F630C220493FAF7C3
:108DC000ABF8062204A92046FAF7A6F82046FAF7DF
:108DD0005FF8C5E72F4B304A12A904A8FFF734F813
:108DE000044618B101248DF80140B1E70DF15E0091
:108DF000FFF73AF812A904A8FFF70AF80028F2D101
:108E00009DF85E30002BF1D11C46ECE700238DF875
:108E10001030CDF84B30CDF84F30CDF85330CDF881
:108E200057308DF85B309DF80A30184D8DF81330AF
:108E3000BDF80B30ADF81130BDF80D30ADF848304D
:108E400012A99DF80F308DF84A3022462846FCF7CB
:108E500029FC0028C7D1224604A92846FCF7A0FC1B
:108E600006460028BFD12B68CA225A6253225A6292
:108E70002846FCF78BFB2B6828469E60FCF7A6FB78
:108E80002B68FF2234465A62ADE700BFF824002069
:108E9000282800207CA400089CA400082DE9F043A9
:108EA000ADF5157D3D4D3E48002400942B6B43F0FD
:108EB00001032B632B6B059403F00103009302A9BC
:108EC0004FF480534FF00109009A0293CDE90394C7
:108ED000F7F722FF0520F8F79BFA4FF003084FF44D
:108EE000C0532F4802930A2702A90226CDE904485D
:108EF00003960697F7F710FF4FF4007200232848F7
:108F0000049402A9CDE90223F7F706FF02A94FF462
:108F10008062122322480697CDE90223CDE9049806
:108F2000F7F7FAFE6B6B43F080036B6301946B6C95
:108F300043F480436B646B6C03F4804301934FF004
:108F4000A043019A9A6B42F400129A639A6B22F43E
:108F500000229A639A6B22F480229A632046FCF7DF
:108F6000E3FF1049224607A8FEF7E4FB88B90E4844
:108F7000FEF7CCFFFBF78EFD4FF0FF300021FAF734
:108F8000E7FF0020F9F74CFF0028F5D0FFF7CAFEF5
:108F9000F2E7064B1E60F7F7BBF9E8E7003802403E
:108FA000000002409CA4000884A40008AC0000203B
:108FB00000487047C8A900080048704764A9000825
:108FC0002DE9F04389B088B3032822D005285DD865
:108FD000374B384F53F820402046F7F7E1F8202868
:108FE000054628BF20256E1C760046F44076B6B2B2
:108FF00050B1621E3946134602331B1B12F8010F93
:1090000021F8020F9D42F6D82A483E8009B0BDE8FB
:10901000F083294B93B1E84610214046AFF300801E
:10902000002835D1234F40F20236EDE7204B214F87
:109030001B681B887B804FF44176E5E71AA3D3E9D0
:109040000023CDE9002340F222364FF00809E8461C
:10905000184F1A4C3D46C1440DF1100C94E80F0016
:109060008CE80F0018F8013B03F00F0220326A442D
:1090700008A901EB131E12F8103CAB8004351EF852
:10908000103C25F8023CC145E8D1BDE70020BDE712
:10909000102828BF10208600023646F4407681460C
:1090A000B6B2D5E7AFF300800123456789ABCDEFBA
:1090B0002000002044280020000000008CA40008AC
:1090C000704700BF704700BF704700BF704700BFC8
:1090D000704700BF704700BF2DE9F04118480D46AA
:1090E00003C888B002AF87E803009646154A01928C
:1090F0001E46BA88144BAA80BA79AA710FCB0DF11B
:10910000100C6446ACE807002CF8023B1B0C0298DC
:109110008CF80030286007CCBDF8048023889DF8C7
:109120000670CEF80000CEF80410CEF80820AEF895
:109130000C30A6F80080B77008B0BDE8F08100BF21
:1091400084A40008312E3000A0A4000808B5064B06
:109150001B780BB9012008BD00233A220221FAF73F
:109160005FF9002008BD00BF4028002030B589B05D
:10917000684614460D4600F05FFADDE90632013B11
:109180002B60228009B030BD03B10AB101207047C5
:10919000024B01221A700120704700BF40280020B6
:1091A00070B588B068460C461E460C9D00F044FA27
:1091B000069BA3420ED94FF0FF336A0A2146304680
:1091C00000F00CFA30B900F02DFA0028FBD1284647
:1091D00008B070BD4FF0FF30FAE700BF00207047C5
:1091E0004FF0FF30704700BF08B520220023052153
:1091F000FAF716F94FF0FF3008BD00BF2DE9F04F28
:109200000020ADF29C5DFCF78FFE5549554D0022C4
:10921000D9A8FEF78FFA002840F09880524C5349A5
:10922000D4E90332CDE90632A268E38BCDE90432FA
:10923000627F237FCDE90232E27EA37ECDE9003258
:109240000DA8227E637E00F001FB32220DA94DA8FD
:10925000FEF7A8FA00287ED1F8F7D4F8444B6060F6
:109260000022628003F1200133F8020F8B4282EA70
:109270000002F9D162803C493E4C3F4E08AB2022AF
:109280004DA8FEF7D9FB4FF4D5733C48ADF8243018
:10929000F8F7E2F84FF00009394B1B687BB9394BFE
:1092A0001B68002BF8D04DA8FEF7D2FC354A364893
:1092B00000234FF400511360F7F722FEEAE700277E
:1092C0001025BB46BA46B846304931480622FBF75E
:1092D000CDFE2368012BFCD1B6F90030C4F8009014
:1092E0009A44B6F904309B44B6F906301F44B6F9E7
:1092F0000830013D9844E7D1F8F784F83F114FEA70
:109300002B1B4FEA2A1A4FEA28180A90ADF82C7046
:10931000ADF82EB0ADF830A0ADF83280ADF82650E3
:109320000DF1220333F8022F55400DF13202934222
:10933000F8D108AB102209A94DA8ADF82650FEF7C8
:109340007BFB0F4A002323601360A8E702232B60F6
:10935000F6F7DEFF62E702232B60F6F7D9FF7BE723
:109360009CA40008AC00002020280020D4A4000801
:109370001E280020CC280020A82800201825002026
:10938000D8280020D428002000080240B42800205B
:10939000B02400202DE9F0412DED028B9FED248AB1
:1093A000244C254EDFF8AC80244FF0EE488A10257F
:1093B000062241463846FBF759FE20680128FCD1B9
:1093C000B6F9063007EE103AB6F9043007EE903AD7
:1093D000B8EEC77AF8EEE77A002378EE878A38EE9F
:1093E000278A2360F8F714F8013DE1D19FED147A44
:1093F000DFED147A144A1549154B68EE878A28EE7A
:10940000078A28EEA77A68EE277ABCEEC77A82ED43
:10941000008AC1ED008ABDEC028B17EE102AFCEE2B
:10942000E77A9A8217EE902ADA82BDE8F08100BFCF
:1094300000000000CC280020A8280020B024002034
:109440000000803D0000C842882800208C280020B1
:1094500020280020B4280020064A0748136801216C
:109460000B44092B0160136003D9044800230160F9
:1094700013607047D0280020D8280020D42800206E
:1094800049484A4B428D9FED4A7ADFED4A5A9FED9B
:109490004A4ADFED4A3A9FED4A1A4A499FED4A2A65
:1094A00007EE902AF8EE677AB2EE043A67EE877A12
:1094B00093ED057A454AB8EE477AF1EE001A87EE49
:1094C000876AD3ED007A82ED056AF8EE676AD3ED1C
:1094D000037A66EE866AB8EE677AC6EEA54A27EE8C
:1094E000067AD3ED016AC2ED004AC7EE252A24EEC2
:1094F000837AF8EE666AC7EE034A93ED027AD3EDFB
:10950000047A334BC2ED032AB8EE477A66EE866AD8
:1095100027EE067A86EEA56A87EE253A62EE846A21
:10952000FDEEE44A86EEA37AD3ED006A294B82ED84
:10953000016A93ED004A14EE903A93EE016A0B80B3
:10954000B0F82CC0C38D82ED023AF0EE465A06EE1A
:1095500010CAA3EB0C03F8EE464A06EE103AB8EE3A
:10956000675AB8EEC66A35EE645AC2EE064A1A4B1E
:10957000D5EEA16AF3EE0E7AE4EE857AFDEEE66AA8
:1095800037EE447A67EEA37A16EE902ABDEEC77ADC
:10959000FDEEE77A8A80012217EE100A1A6017EEB4
:1095A000903AC8800B817047007AFF1FB4280020D2
:1095B00000404E4500F07F45000096430000C84241
:1095C0001AA4C13FA82800200000A0429028002033
:1095D000882800208C280020CC28002000B583B0EB
:1095E00084460093054813460A466146FEF7D6FDB9
:1095F000003818BF012003B05DF804FB602500208F
:1096000000B583B084460093054813460A46614678
:10961000FEF7C4FE003818BF012003B05DF804FB5C
:109620006025002008B50348FFF79EF9043818BFED
:10963000012008BD6025002001460148FFF780B9E0
:1096400060250020704700BF08B5FFF7FBFF08BD8D
:10965000704700BF08B5FFF7FBFF08BD704700BFAC
:1096600008B5FFF7FBFF08BD82B001238DF8073076
:109670009DF8070002B0704708B5FFF7F5FF012815
:1096800001D0012008BDBDE808400148FFF73AB904
:109690006025002030B5164B187810F0010489B011
:1096A00006D11546032920D8DFE801F0030F17067D
:1096B0000324204609B030BD6846FFF7BDFF079B75
:1096C00020465B0A2B6009B030BD6846FFF7B4FF47
:1096D000069B2B60204609B030BD6846FFF7ACFF03
:1096E000079B2B80204609B030BD0424E1E700BF72
:1096F0003800002008B5084611461A464FF0FF33DF
:10970000FFF76CFF08B1012008BDFFF78BFF0028B1
:10971000FAD0FFF787FF0028F7D1F5E738B50A4CF4
:1097200001252570FFF7A8FF08B1207838BD257006
:10973000FFF778FF18B9237803F0FE03237023782E
:10974000DBB22370207838BD3800002008B5084609
:1097500011461A464FF0FF33FFF752FF08B10120C0
:1097600008BDFFF75FFF0028FAD0FFF75BFF002876
:10977000F7D1F5E710B5064C01232370FFF752FF30
:1097800018B9237803F0FE032370207810BD00BFC2
:1097900038000020DFF834D0F6F738FF0C480D49C8
:1097A0000D4A002302E0D458C4500433C4188C423C
:1097B000F9D30A4A0A4C002301E013600432A242A2
:1097C000FBD300F011F8F6F709FE70470000012006
:1097D000000000208C00002034AA00089000002027
:1097E000242A0020FEE7000070B50D4D0D4C641BCF
:1097F000A4100026A64209D10B4D0C4C00F0F0FD40
:10980000641BA4100026A64205D170BD55F8043B88
:1098100098470136EEE755F8043B98470136F2E7E2
:109820002CAA00082CAA00082CAA000830AA0008BC
:109830000A44914200F1FF3300D1704710B511F88E
:10984000014B03F8014F9142F9D110BD0EB400B5A0
:109850009CB01DAB029006906FF000410948079143
:109860000491094953F8042B05910068019302A95A
:1098700000F092F8029B00221A701CB05DF804EB15
:1098800003B070473C0000200802FFFF014B18683E
:10989000704700BF3C000020884210B501EB020475
:1098A00002D98442234607D8431EA14208D011F8AA
:1098B000012B03F8012FF8E7024401468A4200D148
:1098C00010BD13F8014D02F8014DF7E702440346BD
:1098D000934200D1704703F8011BF9E770477047C6
:1098E0002DE9F0478E681F46BE420B6882460C4643
:1098F00090462DD8B1F90C2012F4906F26D06569EE
:10990000096905EB4505A3EB010905EBD5757B1C42
:109910004B446D109D4238BF1D46530527D529463F
:1099200000F0E4FA064660B321694A46FFF780FF7B
:10993000A38923F4906343F08003A38126616561CA
:109940004E44A5EB09052660A5603E46BE4200D9FF
:109950003E46206832464146FFF79EFFA3689B1BA8
:10996000A3602368334423600020BDE8F0872A46C3
:1099700000F058FB06460028E0D12169504600F06F
:109980007FFB0C23CAF80030A38943F04003A38176
:109990004FF0FF30E9E700002DE9F04F98468B8942
:1099A0001B069DB007460D46144610D50B6973B9CA
:1099B000402100F09BFA2860286130B90C233B60FD
:1099C0004FF0FF301DB0BDE8F08F40236B610023E6
:1099D000099320238DF82930CDF80C803023DFF84F
:1099E0009C818DF82A304FF0010923469A4613F8DE
:1099F000012B0AB1252AF9D1BAEB040B0BD05B4637
:109A0000224629463846FFF76BFF013000F0A78059
:109A1000099A5A4409929AF80030002B00F09F806E
:109A200000234FF0FF32CDE905230AF1010A049328
:109A300007938DF853301A935446052214F8011BEE
:109A40004E48F6F7B5FB049AD8B9D00644BF202398
:109A50008DF85330110744BF2B238DF853309AF8FB
:109A600000302A2B15D0079A544600204FF00A0CDC
:109A7000214611F8013B303B092B4BD9B0B107927D
:109A800014E0A0EB080309FA03F313430493A2467E
:109A9000D2E7039B191D1B680391002BBBBF5B42E0
:109AA00042F0020207930793B8BF049223782E2B4B
:109AB0000AD163782A2B32D1039B1A1D1B680392AB
:109AC00043EAE37302340593DFF8C0A02178032250
:109AD0005046F6F76DFB38B1049BA0EB0A0040221C
:109AE000824013430134049314F8011B24488DF879
:109AF00028100622F6F75CFB002836D0214B1BBB52
:109B0000039B073323F0070308330393099B334474
:109B100009936AE70CFB02320C460120A8E70023F8
:109B20000134059319464FF00A0C204610F8012B1A
:109B3000303A092A03D9002BC6D00591C4E70CFBA3
:109B4000012104460123F0E703AB00932A460E4BA4
:109B500004A93846AFF30080421C0646D6D1AB8933
:109B60005B063FF52DAF09982CE703AB00932A461F
:109B7000054B04A9384600F079F8EDE7F0A9000894
:109B8000FAA9000800000000E1980008F6A9000802
:109B90002DE9F047164698468A680B69DDF8209053
:109BA0009342B8BF1346336091F8432007460C46F2
:109BB0000AB1013333602368990642BF3368023328
:109BC0003360256815F0060506D104F1190AE3682B
:109BD00032689B1AAB4226DC94F843302268003B83
:109BE00018BF012392062BD404F1430241463846A4
:109BF000C84701301ED02368226903F00603042BF6
:109C000002BFE5683368ED1AA3680CBF25EAE57565
:109C100000259342C4BF9B1AED1800261A34B542A2
:109C20001AD1002008E00123524641463846C84771
:109C3000013003D14FF0FF30BDE8F0870135C6E7B2
:109C4000E1185A1C302081F84300224494F8451052
:109C500082F843100233C7E70123224641463846C3
:109C6000C8470130E6D00136D9E700002DE9FF47AB
:109C70000F7E0C9E782F914680460C469A4601F145
:109C8000430207D8622F0AD8002F00F0D180582F46
:109C900000F0B88004F1420684F842703AE0A7F17F
:109CA0006303152BF6D801A151F823F0059D000898
:109CB000199D0008959C0008959C0008959C00083B
:109CC000959C0008199D0008959C0008959C00082B
:109CD000959C0008959C0008179E0008439D00086D
:109CE000D19D0008959C0008959C0008399E0008AD
:109CF000959C0008439D0008959C0008959C0008D1
:109D0000D99D000833681A1D1B68326004F14206B1
:109D100084F8423001239CE033682068191D3160CB
:109D2000060601D51D6803E04506FBD5B3F90050D2
:109D3000002D03DA2D236D4284F8433058480A235E
:109D400011E021683368080653F8045B02D4490621
:109D500048BFADB26F2F5248336014BF0A230823A7
:109D6000002184F843106668A660002E05DB216898
:109D70002E4321F0040121604BD01646B5FBF3F1D0
:109D800003FB1157C75D06F8017D2F46BB420D4608
:109D9000F4D9082B0BD12368DF0708D52369616844
:109DA0009942DEBF302306F8013C06F1FF36921BD4
:109DB0002261CDF800A04B4603AA21464046FFF79A
:109DC000E7FE01304AD14FF0FF3004B0BDE8F08724
:109DD000236843F0200323603248782784F84570D5
:109DE000236831681F0651F8045B02D45F0648BF40
:109DF000ADB23160D90744BF43F0200323601DB1E9
:109E00001023ADE72648E9E7236823F02003236009
:109E1000F6E71646BDE7336825686169181D3060AE
:109E20002E061B6801D5196002E06806FBD5198073
:109E3000002323611646BCE733681A1D32601E6892
:109E4000626800213046F6F7B3F908B1801B606004
:109E500063682361002384F84330AAE7236932460C
:109E600049464046D0470130ADD023689B0713D404
:109E7000E068039B9842B8BF1846A6E70123324624
:109E800049464046D04701309DD00135E3680399EB
:109E90005B1AAB42F2DCEBE7002504F11906F5E7AB
:109EA00001AA000812AA000870B50F4E0C463168CE
:109EB000054611B900F0A6F830602146284600F0AA
:109EC000A1F8431C03D14FF0FF34204670BDC41CE1
:109ED00024F00304A042F8D0211A284600F092F89A
:109EE0000130F2D1EFE700BF1C2A00202DE9F84332
:109EF000CD1C25F0030508350C2D38BF0C25002D91
:109F0000064601DBA94204D90C2333600020BDE8DA
:109F1000F883DFF8D48000F069F8D8F800301C46E8
:109F200044BB29463046FFF7BFFF431C044658D1C7
:109F3000D8F800402746002F43D1002C4BD023688F
:109F40003946304604EB030900F05CF8814542D104
:109F500021686D1A29463046FFF7A6FF01303AD036
:109F600023682B442360D8F800305A6862BBC8F8D5
:109F700000700FE02268521B20D40B2A17D96119F8
:109F8000A342256018BF5960636808BFC8F8001075
:109F900062514B60304600F02FF804F10B00231D96
:109FA00020F00700C21A1CBF1B1AA350AFE762685B
:109FB000A3420CBFC8F800205A60EBE72346646850
:109FC000AEE73C467F68B6E71A465B68A342FBD122
:109FD00000235360DEE70C233360304600F00CF8BA
:109FE00094E70560D6E700BF202A00200148FFF76C
:109FF00075BC00BF142A00200148FFF770BC00BFE9
:10A00000142A002038B5064D0023044608462B606C
:10A01000F7F714FD431C02D12B6803B1236038BD50
:10A02000182A00202DE9F041074614460D4621B9B3
:10A03000BDE8F0411146FFF759BF2AB900F020F8FA
:10A0400025462846BDE8F08100F064F884420646C3
:10A0500002D8B4EB500FF4D821463846FFF746FF3C
:10A06000804608B94546ECE7B4422246294628BF57
:10A070003246FFF7DDFB2946384600F001F8F1E7EC
:10A0800038B50546002941D051F8043C0C1F002B7F
:10A09000B8BFE418FFF7AAFF1D4A136833B963601D
:10A0A00014602846BDE83840FFF7A6BFA34208D990
:10A0B000206821188B4201BF19685B68091821606C
:10A0C000EDE71A465B680BB1A342FAD91168501844
:10A0D000A0420BD120680144501883421160E0D1A6
:10A0E00018685B68536008441060DAE702D90C23F3
:10A0F0002B60D6E7206821188B4204BF19685B6883
:10A10000636004BF091821605460CAE738BD00BF0E
:10A11000202A002051F8043C181F002BBCBF0B580C
:10A12000C01870472DE9F047089D0E4604460F46BB
:10A13000002B4AD194468C45B2FA82F260D942B1E2
:10A14000C2F12003974020FA03F30CFA02FC1F43EC
:10A1500094404FEA1C4E1FFA8CF6B7FBFEF1230C1D
:10A160000EFB117743EA074301FB06F098420AD938
:10A170001CEB030301F1FF3780F01581984240F298
:10A180001281023963441B1AA4B2B3FBFEF00EFB2A
:10A19000103344EA034400FB06F6A6420AD91CEB3E
:10A1A000040400F1FF3380F00081A64240F2FD80FC
:10A1B0006444023840EA0140A41B00211DB1D44090
:10A1C0000023C5E90043BDE8F0878B4205D90DB1F6
:10A1D000C5E9000100210846F5E7B3FA83F100293B
:10A1E00046D1B34202D3824200F2F580841A66EB74
:10A1F000030201201746002DE5D0C5E90047E2E73C
:10A20000002A40F09380A1EB0C034FEA1C471FFA91
:10A210008CFE0121B3FBF7F607FB1630230C43EA53
:10A2200000430EFB06F0984208D91CEB030306F12D
:10A23000FF3802D2984200F2D08046461B1AA4B2E0
:10A24000B3FBF7F007FB103344EA03440EFB00FEB8
:10A25000A64508D91CEB040400F1FF3302D2A64541
:10A2600000F2B6801846A4EB0E0440EA0640A5E7CB
:10A27000C1F120078B4022FA07FC4CEA030C06FAD6
:10A2800001FE20FA07F426FA07F344EA0E0400FA66
:10A2900001F84FEA1C404FEA1449B3FBF0FE1FFAE5
:10A2A0008CF600FB1E3349EA03430EFB06F9994581
:10A2B00002FA01F20BD91CEB03030EF1FF3A80F016
:10A2C0008580994540F28280AEF1020E6344A3EB93
:10A2D0000909A4B2B9FBF0F300FB139944EA09445D
:10A2E00003FB06F6A64208D91CEB040403F1FF3079
:10A2F00068D2A64266D9023B644443EA0E40A41BDE
:10A30000A0FB02E6B4427346B14652D34FD05DB1D2
:10A31000B8EB030264EB090404FA07F722FA01F32D
:10A320001F43CC40C5E9007400214CE7C2F1200175
:10A3300020FA01F30CFA02FC26FA01F196403343AD
:10A340004FEA1C471FFA8CFEB1FBF7F007FB101613
:10A35000190C41EA064100FB0EF68E4204FA02F4A3
:10A3600008D91CEB010100F1FF382DD28E422BD908
:10A3700002386144891B9BB2B1FBF7F607FB16114B
:10A3800043EA014306FB0EF1994208D91CEB030393
:10A3900006F1FF3814D2994212D9023E63445B1A87
:10A3A00046EA004136E73946EDE6184602E7F04551
:10A3B000ADD2BEEB020366EB0C060138B146A6E750
:10A3C0004646ECE7034698E74046D3E7D6467EE7A5
:10A3D0006444023847E708460DE7023E63442DE730
:10A3E000F8B500BFF8BC08BC9E467047F8B500BF82
:08A3F000F8BC08BC9E46704752
:10A3F800000000000102030400000000000000004B
:10A4080001020304060708090006101600061016C4
:10A418000000005043000000040000000005000098
:10A4280000000000592F0008B12F0008B52F0008C0
:10A4380001300008B53000087D3100080000000038
:10A44800000000003934000800000000493400080A
:10A4580059340008ED3400082936000800000000CF
:10A46800222A3A3C3E3F7C7F000000002B2C3B3DDB
:10A478005B5D00002A2E6C6F6700000046534B2D71
:10A4880045454D003031323334353637383941425D
:10A4980043444546000000005265636F72642053D0
:10A4A800746F7261676500004C5546542D415155D3
:10A4B800494C410046534B2D45454D2043444300EC
:10A4C80046534B2D45454D204D53430032302530E2
:10A4D80032642D253032642D253032642D253032FA
:10A4E800642D253032642D253032642D25303364B7
:10A4F800202530386C582D2530386C582D253038AB
:10A508006C582E6C6F670000222A2B2C2E3A3B3C8D
:10A518003D3E3F5B5D7C7F0001030507090E10127D
:10A528001416181C1E000000435545414141414383
:10A5380045454549494941414592924F4F4F5555E7
:10A54800594F554F9C4F9E9F41494F55A5A5A6A7CA
:10A55800A8A9AAABACADAEAFB0B1B2B3B44141415A
:10A56800B8B9BABBBCBDBEBFC0C1C2C3C4C54141F6
:10A57800C8C9CACBCCCDCECFD1D14545454949492B
:10A5880049D9DADBDCDD49DF4FE14F4F4F4FE6E8D1
:10A59800E85555555959EEEFF0F1F2F3F4F5F6F7A1
:10A5A800F8F9FAFBFCFDFEFF7D1D0100632C001E7F
:10A5B8009601A01E5A01001F0806101F0606201F3C
:10A5C8000806301F0806401F0606511F0700591FBE
:10A5D800521F5B1F541F5D1F561F5F1F601F080619
:10A5E800701F0E00BA1FBB1FC81FC91FCA1FCB1F71
:10A5F800DA1FDB1FF81FF91FEA1FEB1FFA1FFB1FEB
:10A60800801F0806901F0806A01F0806B01F040038
:10A61800B81FB91FB21FBC1FCC1F0100C31FD01F1A
:10A628000206E01F0206E51F0100EC1FF21F0100F1
:10A63800FC1F4E21010032217021100284210100EB
:10A648008321D0241A05302C2F04602C0201672C9A
:10A658000601752C0201802C6401002D260841FF9B
:10A668001A03000061001A03E0001703F80007034B
:10A67800FF000100780100013001320106013901B3
:10A6880010014A012E017901060180014D004302A3
:10A698008101820182018401840186018701870189
:10A6A80089018A018B018B018D018E018F01900137
:10A6B8009101910193019401F60196019701980186
:10A6C80098013D029B019C019D0120029F01A00170
:10A6D800A001A201A201A401A401A601A701A7014A
:10A6E800A901AA01AB01AC01AC01AE01AF01AF01F8
:10A6F800B101B201B301B301B501B501B701B801A8
:10A70800B801BA01BB01BC01BC01BE01F701C0011F
:10A71800C101C201C301C401C501C401C701C80107
:10A72800C701CA01CB01CA01CD011001DD01010039
:10A738008E01DE011201F3010300F101F401F401BD
:10A74800F8012801220212013A020900652C3B0295
:10A758003B023D02662C3F02400241024102460292
:10A768000A015302400081018601550289018A01CC
:10A7780058028F015A0290015C025D025E025F027C
:10A788009301610262029401640265026602670233
:10A79800970196016A02622C6C026D026E029C019E
:10A7A800700271029D01730274029F0176027702A2
:10A7B800780279027A027B027C02642C7E027F0294
:10A7C800A60181028202A90184028502860287020B
:10A7D800AE014402B101B20145028D028E028F0220
:10A7E80090029102B7017B030300FD03FE03FF0300
:10A7F800AC0304008603880389038A03B1031103A9
:10A80800C2030200A303A303C4030803CC03030089
:10A818008C038E038F03D8031801F2030A00F9038F
:10A82800F303F403F503F603F703F703F903FA0355
:10A83800FA033004200350041007600422018A043C
:10A848003601C1040E01CF040100C004D004440144
:10A858006105260400000000C700FC00E900E200D2
:10A86800E400E000E500E700EA00EB00E800EF00A4
:10A87800EE00EC00C400C500C900E600C600F40004
:10A88800F600F200FB00F900FF00D600DC00F8003B
:10A89800A300D800D7009201E100ED00F300FA0010
:10A8A800F100D100AA00BA00BF00AE00AC00BD00A4
:10A8B800BC00A100AB00BB00912592259325022581
:10A8C8002425C100C200C000A900632551255725D1
:10A8D8005D25A200A5001025142534252C251C254E
:10A8E80000253C25E300C3005A2554256925662523
:10A8F800602550256C25A400F000D000CA00CB00CC
:10A90800C8003101CD00CE00CF0018250C258825C0
:10A918008425A600CC008025D300DF00D400D20017
:10A92800F500D500B500FE00DE00DA00DB00D90036
:10A93800FD00DD00AF00B400AD00B1001720BE007F
:10A94800B600A700F700B800B000A800B700B9002B
:10A95800B300B200A025A0000904000009026200AB
:10A968000301008032080B00020202000009040003
:10A978000001020200040524002001052401000151
:10A9880004240206052406000107058103080010B7
:10A9980009040100020A0000000705020240000045
:10A9A800070582024000000904020002080650055B
:10A9B800070503024000000705830240000000006D
:10A9C80012010002EF02014099190305000101027A
:10A9D800030100001D97000875970008F596000808
:10A9E8004D97000895960008232D302B2000686CA1
:10A9F8004C0065666745464700303132333435369A
:10AA080037383941424344454600303132333435D2
:0CAA1800363738396162636465660000FF
:08AA24007C57FF7F01000000D8
:04AA2C00ED0200082F
:04AA3000C502000853
:10AA34000024F4000100000010000000393E00086A
:10AA44005423002010000C0000000000FF00000050
:10AA540060A90008B0A4000884A400080000000055
:10AA6400BCA40008C8A400080100000040000020A5
:10AA740000000000DC28002044290020AC2900202C
:10AA840000000000000000000000000000000000C2
:10AA940000000000000000000000000000000000B2
:10AAA40000000000000000000000000000000000A2
:0CAAB40000000000000000000000000096
:0400000508009795C3
:00000001FF
